,time,volume,open,high,low,close
1970-01-01 00:00:00.000000000,2019-03-01T04:19:00.000000000Z,6,111.674,111.676,111.674,111.676
1970-01-01 00:00:00.000000001,2019-03-01T04:21:00.000000000Z,6,111.674,111.674,111.672,111.672
1970-01-01 00:00:00.000000002,2019-03-01T04:22:00.000000000Z,2,111.674,111.676,111.674,111.676
1970-01-01 00:00:00.000000003,2019-03-01T04:23:00.000000000Z,4,111.674,111.674,111.667,111.667
1970-01-01 00:00:00.000000004,2019-03-01T04:24:00.000000000Z,1,111.670,111.670,111.670,111.670
1970-01-01 00:00:00.000000005,2019-03-01T04:25:00.000000000Z,2,111.672,111.674,111.672,111.674
1970-01-01 00:00:00.000000006,2019-03-01T04:27:00.000000000Z,5,111.672,111.672,111.667,111.672
1970-01-01 00:00:00.000000007,2019-03-01T04:28:00.000000000Z,5,111.674,111.674,111.669,111.669
1970-01-01 00:00:00.000000008,2019-03-01T04:29:00.000000000Z,5,111.666,111.666,111.662,111.662
1970-01-01 00:00:00.000000009,2019-03-01T04:31:00.000000000Z,4,111.664,111.667,111.662,111.662
1970-01-01 00:00:00.000000010,2019-03-01T04:32:00.000000000Z,6,111.660,111.662,111.658,111.662
1970-01-01 00:00:00.000000011,2019-03-01T04:33:00.000000000Z,1,111.665,111.665,111.665,111.665
1970-01-01 00:00:00.000000012,2019-03-01T04:34:00.000000000Z,2,111.662,111.664,111.662,111.664
1970-01-01 00:00:00.000000013,2019-03-01T04:35:00.000000000Z,1,111.668,111.668,111.668,111.668
1970-01-01 00:00:00.000000014,2019-03-01T04:36:00.000000000Z,7,111.670,111.675,111.670,111.674
1970-01-01 00:00:00.000000015,2019-03-01T04:37:00.000000000Z,20,111.672,111.672,111.656,111.663
1970-01-01 00:00:00.000000016,2019-03-01T04:38:00.000000000Z,5,111.661,111.661,111.651,111.651
1970-01-01 00:00:00.000000017,2019-03-01T04:39:00.000000000Z,11,111.648,111.656,111.648,111.648
1970-01-01 00:00:00.000000018,2019-03-01T04:40:00.000000000Z,4,111.651,111.652,111.649,111.649
1970-01-01 00:00:00.000000019,2019-03-01T04:41:00.000000000Z,5,111.646,111.652,111.646,111.652
1970-01-01 00:00:00.000000020,2019-03-01T04:42:00.000000000Z,7,111.650,111.650,111.645,111.645
1970-01-01 00:00:00.000000021,2019-03-01T04:43:00.000000000Z,4,111.647,111.647,111.642,111.645
1970-01-01 00:00:00.000000022,2019-03-01T04:44:00.000000000Z,1,111.642,111.642,111.642,111.642
1970-01-01 00:00:00.000000023,2019-03-01T04:45:00.000000000Z,4,111.646,111.648,111.646,111.648
1970-01-01 00:00:00.000000024,2019-03-01T04:48:00.000000000Z,1,111.650,111.650,111.650,111.650
1970-01-01 00:00:00.000000025,2019-03-01T04:49:00.000000000Z,3,111.648,111.650,111.648,111.648
1970-01-01 00:00:00.000000026,2019-03-01T04:50:00.000000000Z,1,111.650,111.650,111.650,111.650
1970-01-01 00:00:00.000000027,2019-03-01T04:51:00.000000000Z,2,111.653,111.653,111.651,111.651
1970-01-01 00:00:00.000000028,2019-03-01T04:52:00.000000000Z,4,111.653,111.656,111.650,111.650
1970-01-01 00:00:00.000000029,2019-03-01T04:53:00.000000000Z,3,111.652,111.655,111.652,111.653
1970-01-01 00:00:00.000000030,2019-03-01T04:54:00.000000000Z,9,111.650,111.670,111.650,111.670
1970-01-01 00:00:00.000000031,2019-03-01T04:55:00.000000000Z,5,111.668,111.668,111.664,111.664
1970-01-01 00:00:00.000000032,2019-03-01T05:00:00.000000000Z,1,111.666,111.666,111.666,111.666
1970-01-01 00:00:00.000000033,2019-03-01T05:03:00.000000000Z,11,111.663,111.668,111.658,111.663
1970-01-01 00:00:00.000000034,2019-03-01T05:04:00.000000000Z,2,111.666,111.668,111.666,111.668
1970-01-01 00:00:00.000000035,2019-03-01T05:06:00.000000000Z,7,111.670,111.676,111.670,111.671
1970-01-01 00:00:00.000000036,2019-03-01T05:07:00.000000000Z,1,111.668,111.668,111.668,111.668
1970-01-01 00:00:00.000000037,2019-03-01T05:08:00.000000000Z,3,111.670,111.670,111.668,111.670
1970-01-01 00:00:00.000000038,2019-03-01T05:10:00.000000000Z,4,111.673,111.673,111.670,111.670
1970-01-01 00:00:00.000000039,2019-03-01T05:11:00.000000000Z,1,111.673,111.673,111.673,111.673
1970-01-01 00:00:00.000000040,2019-03-01T05:12:00.000000000Z,3,111.676,111.678,111.676,111.676
1970-01-01 00:00:00.000000041,2019-03-01T05:13:00.000000000Z,3,111.678,111.680,111.678,111.678
1970-01-01 00:00:00.000000042,2019-03-01T05:17:00.000000000Z,3,111.680,111.686,111.680,111.686
1970-01-01 00:00:00.000000043,2019-03-01T05:18:00.000000000Z,7,111.688,111.700,111.688,111.698
1970-01-01 00:00:00.000000044,2019-03-01T05:19:00.000000000Z,4,111.700,111.708,111.700,111.708
1970-01-01 00:00:00.000000045,2019-03-01T05:20:00.000000000Z,4,111.711,111.716,111.711,111.714
1970-01-01 00:00:00.000000046,2019-03-01T05:21:00.000000000Z,5,111.716,111.721,111.716,111.721
1970-01-01 00:00:00.000000047,2019-03-01T05:22:00.000000000Z,9,111.724,111.734,111.724,111.734
1970-01-01 00:00:00.000000048,2019-03-01T05:23:00.000000000Z,6,111.731,111.733,111.726,111.733
1970-01-01 00:00:00.000000049,2019-03-01T05:24:00.000000000Z,2,111.736,111.738,111.736,111.738
1970-01-01 00:00:00.000000050,2019-03-01T05:25:00.000000000Z,6,111.736,111.736,111.726,111.729
1970-01-01 00:00:00.000000051,2019-03-01T05:26:00.000000000Z,11,111.732,111.732,111.728,111.731
1970-01-01 00:00:00.000000052,2019-03-01T05:27:00.000000000Z,8,111.733,111.738,111.731,111.731
1970-01-01 00:00:00.000000053,2019-03-01T05:28:00.000000000Z,5,111.728,111.730,111.724,111.724
1970-01-01 00:00:00.000000054,2019-03-01T05:29:00.000000000Z,1,111.726,111.726,111.726,111.726
1970-01-01 00:00:00.000000055,2019-03-01T05:31:00.000000000Z,3,111.723,111.723,111.718,111.718
1970-01-01 00:00:00.000000056,2019-03-01T05:32:00.000000000Z,5,111.720,111.720,111.718,111.720
1970-01-01 00:00:00.000000057,2019-03-01T05:33:00.000000000Z,5,111.717,111.717,111.710,111.712
1970-01-01 00:00:00.000000058,2019-03-01T05:34:00.000000000Z,2,111.710,111.710,111.707,111.707
1970-01-01 00:00:00.000000059,2019-03-01T05:35:00.000000000Z,3,111.704,111.704,111.702,111.704
1970-01-01 00:00:00.000000060,2019-03-01T05:36:00.000000000Z,4,111.702,111.704,111.698,111.698
1970-01-01 00:00:00.000000061,2019-03-01T05:37:00.000000000Z,5,111.700,111.706,111.700,111.701
1970-01-01 00:00:00.000000062,2019-03-01T05:38:00.000000000Z,1,111.698,111.698,111.698,111.698
1970-01-01 00:00:00.000000063,2019-03-01T05:39:00.000000000Z,3,111.700,111.700,111.698,111.700
1970-01-01 00:00:00.000000064,2019-03-01T05:40:00.000000000Z,1,111.698,111.698,111.698,111.698
1970-01-01 00:00:00.000000065,2019-03-01T05:42:00.000000000Z,2,111.696,111.696,111.693,111.693
1970-01-01 00:00:00.000000066,2019-03-01T05:44:00.000000000Z,5,111.696,111.700,111.692,111.700
1970-01-01 00:00:00.000000067,2019-03-01T05:45:00.000000000Z,4,111.698,111.698,111.694,111.695
1970-01-01 00:00:00.000000068,2019-03-01T05:46:00.000000000Z,4,111.692,111.698,111.692,111.695
1970-01-01 00:00:00.000000069,2019-03-01T05:47:00.000000000Z,4,111.697,111.697,111.692,111.694
1970-01-01 00:00:00.000000070,2019-03-01T05:48:00.000000000Z,2,111.692,111.694,111.692,111.694
1970-01-01 00:00:00.000000071,2019-03-01T05:49:00.000000000Z,2,111.692,111.695,111.692,111.695
1970-01-01 00:00:00.000000072,2019-03-01T05:50:00.000000000Z,3,111.697,111.702,111.697,111.702
1970-01-01 00:00:00.000000073,2019-03-01T05:52:00.000000000Z,9,111.704,111.720,111.704,111.720
1970-01-01 00:00:00.000000074,2019-03-01T05:53:00.000000000Z,2,111.722,111.722,111.720,111.720
1970-01-01 00:00:00.000000075,2019-03-01T05:54:00.000000000Z,1,111.722,111.722,111.722,111.722
1970-01-01 00:00:00.000000076,2019-03-01T05:55:00.000000000Z,5,111.720,111.722,111.720,111.720
1970-01-01 00:00:00.000000077,2019-03-01T05:56:00.000000000Z,2,111.716,111.718,111.716,111.718
1970-01-01 00:00:00.000000078,2019-03-01T05:57:00.000000000Z,5,111.722,111.722,111.714,111.717
1970-01-01 00:00:00.000000079,2019-03-01T05:58:00.000000000Z,3,111.714,111.717,111.714,111.714
1970-01-01 00:00:00.000000080,2019-03-01T05:59:00.000000000Z,2,111.712,111.714,111.712,111.714
1970-01-01 00:00:00.000000081,2019-03-01T06:00:00.000000000Z,7,111.712,111.717,111.710,111.712
1970-01-01 00:00:00.000000082,2019-03-01T06:01:00.000000000Z,8,111.710,111.724,111.710,111.722
1970-01-01 00:00:00.000000083,2019-03-01T06:02:00.000000000Z,3,111.720,111.724,111.720,111.724
1970-01-01 00:00:00.000000084,2019-03-01T06:04:00.000000000Z,2,111.727,111.727,111.725,111.725
1970-01-01 00:00:00.000000085,2019-03-01T06:07:00.000000000Z,4,111.722,111.724,111.720,111.724
1970-01-01 00:00:00.000000086,2019-03-01T06:09:00.000000000Z,8,111.728,111.742,111.728,111.740
1970-01-01 00:00:00.000000087,2019-03-01T06:11:00.000000000Z,1,111.737,111.737,111.737,111.737
1970-01-01 00:00:00.000000088,2019-03-01T06:12:00.000000000Z,10,111.739,111.739,111.724,111.724
1970-01-01 00:00:00.000000089,2019-03-01T06:13:00.000000000Z,3,111.722,111.722,111.719,111.721
1970-01-01 00:00:00.000000090,2019-03-01T06:14:00.000000000Z,3,111.724,111.726,111.724,111.724
1970-01-01 00:00:00.000000091,2019-03-01T06:15:00.000000000Z,3,111.726,111.730,111.726,111.728
1970-01-01 00:00:00.000000092,2019-03-01T06:16:00.000000000Z,1,111.730,111.730,111.730,111.730
1970-01-01 00:00:00.000000093,2019-03-01T06:17:00.000000000Z,9,111.728,111.742,111.728,111.742
1970-01-01 00:00:00.000000094,2019-03-01T06:18:00.000000000Z,9,111.740,111.740,111.729,111.734
1970-01-01 00:00:00.000000095,2019-03-01T06:19:00.000000000Z,2,111.736,111.739,111.736,111.739
1970-01-01 00:00:00.000000096,2019-03-01T06:20:00.000000000Z,10,111.742,111.745,111.737,111.745
1970-01-01 00:00:00.000000097,2019-03-01T06:21:00.000000000Z,4,111.743,111.743,111.740,111.740
1970-01-01 00:00:00.000000098,2019-03-01T06:22:00.000000000Z,17,111.742,111.760,111.742,111.754
1970-01-01 00:00:00.000000099,2019-03-01T06:23:00.000000000Z,19,111.756,111.774,111.756,111.772
1970-01-01 00:00:00.000000100,2019-03-01T06:24:00.000000000Z,5,111.769,111.776,111.769,111.774
1970-01-01 00:00:00.000000101,2019-03-01T06:25:00.000000000Z,6,111.772,111.775,111.770,111.775
1970-01-01 00:00:00.000000102,2019-03-01T06:26:00.000000000Z,4,111.778,111.782,111.778,111.780
1970-01-01 00:00:00.000000103,2019-03-01T06:27:00.000000000Z,2,111.777,111.777,111.774,111.774
1970-01-01 00:00:00.000000104,2019-03-01T06:28:00.000000000Z,9,111.771,111.771,111.756,111.756
1970-01-01 00:00:00.000000105,2019-03-01T06:29:00.000000000Z,2,111.759,111.762,111.759,111.762
1970-01-01 00:00:00.000000106,2019-03-01T06:30:00.000000000Z,4,111.760,111.760,111.757,111.757
1970-01-01 00:00:00.000000107,2019-03-01T06:31:00.000000000Z,3,111.760,111.764,111.760,111.764
1970-01-01 00:00:00.000000108,2019-03-01T06:32:00.000000000Z,6,111.766,111.774,111.766,111.774
1970-01-01 00:00:00.000000109,2019-03-01T06:33:00.000000000Z,3,111.772,111.776,111.772,111.776
1970-01-01 00:00:00.000000110,2019-03-01T06:34:00.000000000Z,3,111.774,111.777,111.774,111.774
1970-01-01 00:00:00.000000111,2019-03-01T06:35:00.000000000Z,7,111.777,111.782,111.773,111.773
1970-01-01 00:00:00.000000112,2019-03-01T06:36:00.000000000Z,5,111.775,111.775,111.770,111.770
1970-01-01 00:00:00.000000113,2019-03-01T06:37:00.000000000Z,10,111.768,111.778,111.768,111.776
1970-01-01 00:00:00.000000114,2019-03-01T06:38:00.000000000Z,3,111.774,111.774,111.768,111.768
1970-01-01 00:00:00.000000115,2019-03-01T06:39:00.000000000Z,3,111.771,111.774,111.771,111.771
1970-01-01 00:00:00.000000116,2019-03-01T06:40:00.000000000Z,3,111.768,111.771,111.768,111.768
1970-01-01 00:00:00.000000117,2019-03-01T06:41:00.000000000Z,6,111.771,111.783,111.771,111.783
1970-01-01 00:00:00.000000118,2019-03-01T06:42:00.000000000Z,6,111.780,111.782,111.777,111.777
1970-01-01 00:00:00.000000119,2019-03-01T06:44:00.000000000Z,6,111.780,111.782,111.777,111.777
1970-01-01 00:00:00.000000120,2019-03-01T06:45:00.000000000Z,9,111.774,111.776,111.770,111.774
1970-01-01 00:00:00.000000121,2019-03-01T06:46:00.000000000Z,5,111.776,111.784,111.776,111.781
1970-01-01 00:00:00.000000122,2019-03-01T06:48:00.000000000Z,3,111.779,111.779,111.774,111.774
1970-01-01 00:00:00.000000123,2019-03-01T06:49:00.000000000Z,5,111.776,111.780,111.776,111.780
1970-01-01 00:00:00.000000124,2019-03-01T06:50:00.000000000Z,1,111.777,111.777,111.777,111.777
1970-01-01 00:00:00.000000125,2019-03-01T06:52:00.000000000Z,14,111.780,111.802,111.780,111.797
1970-01-01 00:00:00.000000126,2019-03-01T06:53:00.000000000Z,13,111.799,111.812,111.799,111.804
1970-01-01 00:00:00.000000127,2019-03-01T06:54:00.000000000Z,6,111.801,111.808,111.801,111.808
1970-01-01 00:00:00.000000128,2019-03-01T06:55:00.000000000Z,12,111.806,111.818,111.801,111.813
1970-01-01 00:00:00.000000129,2019-03-01T06:56:00.000000000Z,3,111.810,111.814,111.810,111.814
1970-01-01 00:00:00.000000130,2019-03-01T06:57:00.000000000Z,20,111.817,111.827,111.817,111.824
1970-01-01 00:00:00.000000131,2019-03-01T06:58:00.000000000Z,3,111.827,111.830,111.827,111.828
1970-01-01 00:00:00.000000132,2019-03-01T06:59:00.000000000Z,6,111.830,111.830,111.827,111.828
1970-01-01 00:00:00.000000133,2019-03-01T07:00:00.000000000Z,12,111.825,111.825,111.818,111.818
1970-01-01 00:00:00.000000134,2019-03-01T07:01:00.000000000Z,11,111.820,111.820,111.808,111.810
1970-01-01 00:00:00.000000135,2019-03-01T07:02:00.000000000Z,14,111.812,111.820,111.812,111.815
1970-01-01 00:00:00.000000136,2019-03-01T07:03:00.000000000Z,9,111.812,111.812,111.807,111.808
1970-01-01 00:00:00.000000137,2019-03-01T07:04:00.000000000Z,2,111.810,111.812,111.810,111.812
1970-01-01 00:00:00.000000138,2019-03-01T07:05:00.000000000Z,11,111.810,111.810,111.798,111.800
1970-01-01 00:00:00.000000139,2019-03-01T07:06:00.000000000Z,7,111.798,111.800,111.794,111.796
1970-01-01 00:00:00.000000140,2019-03-01T07:07:00.000000000Z,12,111.800,111.806,111.800,111.802
1970-01-01 00:00:00.000000141,2019-03-01T07:08:00.000000000Z,7,111.799,111.804,111.799,111.800
1970-01-01 00:00:00.000000142,2019-03-01T07:09:00.000000000Z,2,111.797,111.799,111.797,111.799
1970-01-01 00:00:00.000000143,2019-03-01T07:10:00.000000000Z,11,111.797,111.799,111.794,111.797
1970-01-01 00:00:00.000000144,2019-03-01T07:11:00.000000000Z,8,111.794,111.802,111.792,111.802
1970-01-01 00:00:00.000000145,2019-03-01T07:12:00.000000000Z,11,111.800,111.800,111.788,111.793
1970-01-01 00:00:00.000000146,2019-03-01T07:13:00.000000000Z,4,111.791,111.794,111.788,111.788
1970-01-01 00:00:00.000000147,2019-03-01T07:14:00.000000000Z,8,111.790,111.801,111.790,111.794
1970-01-01 00:00:00.000000148,2019-03-01T07:16:00.000000000Z,8,111.796,111.805,111.796,111.798
1970-01-01 00:00:00.000000149,2019-03-01T07:17:00.000000000Z,8,111.801,111.812,111.801,111.810
1970-01-01 00:00:00.000000150,2019-03-01T07:18:00.000000000Z,7,111.812,111.824,111.812,111.822
1970-01-01 00:00:00.000000151,2019-03-01T07:19:00.000000000Z,11,111.820,111.820,111.812,111.820
1970-01-01 00:00:00.000000152,2019-03-01T07:20:00.000000000Z,3,111.818,111.822,111.818,111.822
1970-01-01 00:00:00.000000153,2019-03-01T07:21:00.000000000Z,7,111.820,111.820,111.809,111.809
1970-01-01 00:00:00.000000154,2019-03-01T07:22:00.000000000Z,4,111.806,111.814,111.806,111.814
1970-01-01 00:00:00.000000155,2019-03-01T07:23:00.000000000Z,11,111.816,111.818,111.808,111.812
1970-01-01 00:00:00.000000156,2019-03-01T07:24:00.000000000Z,7,111.809,111.812,111.802,111.804
1970-01-01 00:00:00.000000157,2019-03-01T07:25:00.000000000Z,20,111.802,111.807,111.797,111.799
1970-01-01 00:00:00.000000158,2019-03-01T07:26:00.000000000Z,8,111.796,111.804,111.796,111.799
1970-01-01 00:00:00.000000159,2019-03-01T07:28:00.000000000Z,8,111.796,111.804,111.794,111.804
1970-01-01 00:00:00.000000160,2019-03-01T07:29:00.000000000Z,7,111.802,111.812,111.802,111.808
1970-01-01 00:00:00.000000161,2019-03-01T07:31:00.000000000Z,6,111.810,111.810,111.806,111.808
1970-01-01 00:00:00.000000162,2019-03-01T07:32:00.000000000Z,4,111.810,111.816,111.810,111.813
1970-01-01 00:00:00.000000163,2019-03-01T07:33:00.000000000Z,10,111.816,111.821,111.814,111.814
1970-01-01 00:00:00.000000164,2019-03-01T07:34:00.000000000Z,1,111.812,111.812,111.812,111.812
1970-01-01 00:00:00.000000165,2019-03-01T07:35:00.000000000Z,8,111.808,111.811,111.806,111.806
1970-01-01 00:00:00.000000166,2019-03-01T07:36:00.000000000Z,4,111.809,111.812,111.807,111.807
1970-01-01 00:00:00.000000167,2019-03-01T07:37:00.000000000Z,6,111.809,111.809,111.801,111.806
1970-01-01 00:00:00.000000168,2019-03-01T07:38:00.000000000Z,4,111.804,111.804,111.798,111.801
1970-01-01 00:00:00.000000169,2019-03-01T07:39:00.000000000Z,10,111.798,111.802,111.795,111.800
1970-01-01 00:00:00.000000170,2019-03-01T07:40:00.000000000Z,6,111.802,111.806,111.802,111.804
1970-01-01 00:00:00.000000171,2019-03-01T07:41:00.000000000Z,5,111.807,111.807,111.804,111.807
1970-01-01 00:00:00.000000172,2019-03-01T07:42:00.000000000Z,10,111.804,111.812,111.802,111.808
1970-01-01 00:00:00.000000173,2019-03-01T07:43:00.000000000Z,9,111.806,111.813,111.806,111.810
1970-01-01 00:00:00.000000174,2019-03-01T07:44:00.000000000Z,13,111.813,111.813,111.808,111.812
1970-01-01 00:00:00.000000175,2019-03-01T07:45:00.000000000Z,7,111.814,111.824,111.812,111.824
1970-01-01 00:00:00.000000176,2019-03-01T07:46:00.000000000Z,4,111.828,111.830,111.825,111.825
1970-01-01 00:00:00.000000177,2019-03-01T07:47:00.000000000Z,8,111.827,111.835,111.827,111.830
1970-01-01 00:00:00.000000178,2019-03-01T07:48:00.000000000Z,10,111.827,111.832,111.824,111.824
1970-01-01 00:00:00.000000179,2019-03-01T07:49:00.000000000Z,4,111.822,111.824,111.822,111.824
1970-01-01 00:00:00.000000180,2019-03-01T07:50:00.000000000Z,6,111.822,111.825,111.817,111.825
1970-01-01 00:00:00.000000181,2019-03-01T07:51:00.000000000Z,4,111.823,111.825,111.820,111.820
1970-01-01 00:00:00.000000182,2019-03-01T07:52:00.000000000Z,2,111.818,111.820,111.818,111.820
1970-01-01 00:00:00.000000183,2019-03-01T07:53:00.000000000Z,2,111.822,111.825,111.822,111.825
1970-01-01 00:00:00.000000184,2019-03-01T07:54:00.000000000Z,6,111.828,111.836,111.825,111.836
1970-01-01 00:00:00.000000185,2019-03-01T07:55:00.000000000Z,18,111.839,111.845,111.833,111.833
1970-01-01 00:00:00.000000186,2019-03-01T07:56:00.000000000Z,10,111.836,111.836,111.818,111.818
1970-01-01 00:00:00.000000187,2019-03-01T07:57:00.000000000Z,7,111.816,111.818,111.813,111.816
1970-01-01 00:00:00.000000188,2019-03-01T07:58:00.000000000Z,3,111.818,111.821,111.818,111.818
1970-01-01 00:00:00.000000189,2019-03-01T07:59:00.000000000Z,3,111.820,111.821,111.818,111.821
1970-01-01 00:00:00.000000190,2019-03-01T08:00:00.000000000Z,17,111.818,111.818,111.806,111.808
1970-01-01 00:00:00.000000191,2019-03-01T08:01:00.000000000Z,13,111.811,111.828,111.809,111.826
1970-01-01 00:00:00.000000192,2019-03-01T08:02:00.000000000Z,5,111.824,111.834,111.824,111.834
1970-01-01 00:00:00.000000193,2019-03-01T08:03:00.000000000Z,5,111.831,111.833,111.828,111.831
1970-01-01 00:00:00.000000194,2019-03-01T08:04:00.000000000Z,7,111.834,111.844,111.834,111.844
1970-01-01 00:00:00.000000195,2019-03-01T08:05:00.000000000Z,7,111.842,111.844,111.836,111.836
1970-01-01 00:00:00.000000196,2019-03-01T08:06:00.000000000Z,5,111.838,111.838,111.833,111.838
1970-01-01 00:00:00.000000197,2019-03-01T08:07:00.000000000Z,4,111.836,111.842,111.836,111.842
1970-01-01 00:00:00.000000198,2019-03-01T08:08:00.000000000Z,4,111.840,111.842,111.840,111.842
1970-01-01 00:00:00.000000199,2019-03-01T08:09:00.000000000Z,4,111.845,111.845,111.842,111.842
1970-01-01 00:00:00.000000200,2019-03-01T08:10:00.000000000Z,6,111.844,111.858,111.844,111.858
1970-01-01 00:00:00.000000201,2019-03-01T08:11:00.000000000Z,6,111.860,111.868,111.858,111.868
1970-01-01 00:00:00.000000202,2019-03-01T08:12:00.000000000Z,13,111.871,111.878,111.864,111.876
1970-01-01 00:00:00.000000203,2019-03-01T08:13:00.000000000Z,10,111.878,111.890,111.878,111.890
1970-01-01 00:00:00.000000204,2019-03-01T08:14:00.000000000Z,11,111.888,111.888,111.865,111.868
1970-01-01 00:00:00.000000205,2019-03-01T08:15:00.000000000Z,58,111.870,111.894,111.861,111.890
1970-01-01 00:00:00.000000206,2019-03-01T08:16:00.000000000Z,43,111.892,111.918,111.892,111.912
1970-01-01 00:00:00.000000207,2019-03-01T08:17:00.000000000Z,16,111.910,111.910,111.886,111.886
1970-01-01 00:00:00.000000208,2019-03-01T08:18:00.000000000Z,8,111.889,111.892,111.884,111.887
1970-01-01 00:00:00.000000209,2019-03-01T08:19:00.000000000Z,14,111.890,111.892,111.876,111.886
1970-01-01 00:00:00.000000210,2019-03-01T08:20:00.000000000Z,8,111.884,111.886,111.878,111.881
1970-01-01 00:00:00.000000211,2019-03-01T08:21:00.000000000Z,12,111.884,111.888,111.881,111.886
1970-01-01 00:00:00.000000212,2019-03-01T08:22:00.000000000Z,11,111.890,111.900,111.889,111.889
1970-01-01 00:00:00.000000213,2019-03-01T08:23:00.000000000Z,7,111.891,111.896,111.890,111.891
1970-01-01 00:00:00.000000214,2019-03-01T08:24:00.000000000Z,11,111.889,111.893,111.883,111.893
1970-01-01 00:00:00.000000215,2019-03-01T08:25:00.000000000Z,8,111.890,111.900,111.888,111.898
1970-01-01 00:00:00.000000216,2019-03-01T08:26:00.000000000Z,7,111.896,111.906,111.895,111.906
1970-01-01 00:00:00.000000217,2019-03-01T08:27:00.000000000Z,9,111.903,111.903,111.892,111.892
1970-01-01 00:00:00.000000218,2019-03-01T08:28:00.000000000Z,9,111.894,111.899,111.892,111.899
1970-01-01 00:00:00.000000219,2019-03-01T08:29:00.000000000Z,5,111.897,111.902,111.897,111.902
1970-01-01 00:00:00.000000220,2019-03-01T08:30:00.000000000Z,7,111.905,111.915,111.905,111.915
1970-01-01 00:00:00.000000221,2019-03-01T08:31:00.000000000Z,9,111.913,111.913,111.898,111.898
1970-01-01 00:00:00.000000222,2019-03-01T08:32:00.000000000Z,8,111.902,111.904,111.893,111.898
1970-01-01 00:00:00.000000223,2019-03-01T08:33:00.000000000Z,7,111.900,111.900,111.895,111.900
1970-01-01 00:00:00.000000224,2019-03-01T08:34:00.000000000Z,6,111.896,111.900,111.894,111.895
1970-01-01 00:00:00.000000225,2019-03-01T08:35:00.000000000Z,17,111.892,111.892,111.874,111.883
1970-01-01 00:00:00.000000226,2019-03-01T08:36:00.000000000Z,8,111.886,111.888,111.880,111.882
1970-01-01 00:00:00.000000227,2019-03-01T08:37:00.000000000Z,10,111.885,111.888,111.882,111.887
1970-01-01 00:00:00.000000228,2019-03-01T08:38:00.000000000Z,6,111.884,111.887,111.882,111.887
1970-01-01 00:00:00.000000229,2019-03-01T08:39:00.000000000Z,9,111.890,111.900,111.890,111.896
1970-01-01 00:00:00.000000230,2019-03-01T08:40:00.000000000Z,11,111.898,111.900,111.892,111.892
1970-01-01 00:00:00.000000231,2019-03-01T08:41:00.000000000Z,6,111.890,111.892,111.887,111.887
1970-01-01 00:00:00.000000232,2019-03-01T08:42:00.000000000Z,1,111.884,111.884,111.884,111.884
1970-01-01 00:00:00.000000233,2019-03-01T08:43:00.000000000Z,2,111.887,111.890,111.887,111.890
1970-01-01 00:00:00.000000234,2019-03-01T08:44:00.000000000Z,1,111.892,111.892,111.892,111.892
1970-01-01 00:00:00.000000235,2019-03-01T08:45:00.000000000Z,23,111.895,111.910,111.895,111.910
1970-01-01 00:00:00.000000236,2019-03-01T08:46:00.000000000Z,11,111.912,111.918,111.908,111.918
1970-01-01 00:00:00.000000237,2019-03-01T08:47:00.000000000Z,3,111.920,111.920,111.917,111.920
1970-01-01 00:00:00.000000238,2019-03-01T08:48:00.000000000Z,13,111.922,111.924,111.911,111.912
1970-01-01 00:00:00.000000239,2019-03-01T08:49:00.000000000Z,5,111.914,111.914,111.908,111.908
1970-01-01 00:00:00.000000240,2019-03-01T08:50:00.000000000Z,7,111.911,111.918,111.911,111.911
1970-01-01 00:00:00.000000241,2019-03-01T08:52:00.000000000Z,3,111.914,111.917,111.914,111.915
1970-01-01 00:00:00.000000242,2019-03-01T08:53:00.000000000Z,2,111.912,111.912,111.910,111.910
1970-01-01 00:00:00.000000243,2019-03-01T08:54:00.000000000Z,5,111.912,111.914,111.908,111.908
1970-01-01 00:00:00.000000244,2019-03-01T08:55:00.000000000Z,6,111.910,111.920,111.910,111.917
1970-01-01 00:00:00.000000245,2019-03-01T08:56:00.000000000Z,2,111.915,111.915,111.912,111.912
1970-01-01 00:00:00.000000246,2019-03-01T08:58:00.000000000Z,7,111.910,111.912,111.908,111.910
1970-01-01 00:00:00.000000247,2019-03-01T08:59:00.000000000Z,2,111.908,111.908,111.904,111.904
1970-01-01 00:00:00.000000248,2019-03-01T09:00:00.000000000Z,5,111.908,111.918,111.908,111.918
1970-01-01 00:00:00.000000249,2019-03-01T09:01:00.000000000Z,5,111.915,111.915,111.905,111.905
1970-01-01 00:00:00.000000250,2019-03-01T09:02:00.000000000Z,3,111.902,111.902,111.898,111.898
1970-01-01 00:00:00.000000251,2019-03-01T09:03:00.000000000Z,3,111.900,111.905,111.900,111.905
1970-01-01 00:00:00.000000252,2019-03-01T09:04:00.000000000Z,6,111.908,111.910,111.899,111.899
1970-01-01 00:00:00.000000253,2019-03-01T09:05:00.000000000Z,10,111.902,111.904,111.898,111.904
1970-01-01 00:00:00.000000254,2019-03-01T09:06:00.000000000Z,3,111.906,111.912,111.906,111.912
1970-01-01 00:00:00.000000255,2019-03-01T09:07:00.000000000Z,7,111.914,111.918,111.910,111.910
1970-01-01 00:00:00.000000256,2019-03-01T09:08:00.000000000Z,5,111.912,111.923,111.912,111.923
1970-01-01 00:00:00.000000257,2019-03-01T09:09:00.000000000Z,7,111.926,111.932,111.926,111.930
1970-01-01 00:00:00.000000258,2019-03-01T09:10:00.000000000Z,13,111.928,111.938,111.925,111.938
1970-01-01 00:00:00.000000259,2019-03-01T09:11:00.000000000Z,5,111.936,111.940,111.933,111.940
1970-01-01 00:00:00.000000260,2019-03-01T09:13:00.000000000Z,5,111.943,111.943,111.940,111.943
1970-01-01 00:00:00.000000261,2019-03-01T09:14:00.000000000Z,10,111.946,111.948,111.938,111.938
1970-01-01 00:00:00.000000262,2019-03-01T09:15:00.000000000Z,4,111.940,111.943,111.938,111.938
1970-01-01 00:00:00.000000263,2019-03-01T09:16:00.000000000Z,9,111.941,111.960,111.941,111.957
1970-01-01 00:00:00.000000264,2019-03-01T09:17:00.000000000Z,2,111.959,111.959,111.957,111.957
1970-01-01 00:00:00.000000265,2019-03-01T09:18:00.000000000Z,3,111.959,111.959,111.954,111.954
1970-01-01 00:00:00.000000266,2019-03-01T09:19:00.000000000Z,3,111.956,111.956,111.952,111.952
1970-01-01 00:00:00.000000267,2019-03-01T09:20:00.000000000Z,6,111.949,111.956,111.949,111.956
1970-01-01 00:00:00.000000268,2019-03-01T09:21:00.000000000Z,4,111.954,111.956,111.954,111.956
1970-01-01 00:00:00.000000269,2019-03-01T09:22:00.000000000Z,5,111.954,111.958,111.951,111.958
1970-01-01 00:00:00.000000270,2019-03-01T09:23:00.000000000Z,10,111.961,111.969,111.961,111.963
1970-01-01 00:00:00.000000271,2019-03-01T09:24:00.000000000Z,6,111.965,111.968,111.960,111.968
1970-01-01 00:00:00.000000272,2019-03-01T09:25:00.000000000Z,6,111.966,111.968,111.963,111.968
1970-01-01 00:00:00.000000273,2019-03-01T09:26:00.000000000Z,5,111.970,111.976,111.968,111.976
1970-01-01 00:00:00.000000274,2019-03-01T09:27:00.000000000Z,4,111.973,111.978,111.973,111.976
1970-01-01 00:00:00.000000275,2019-03-01T09:28:00.000000000Z,2,111.979,111.979,111.976,111.976
1970-01-01 00:00:00.000000276,2019-03-01T09:29:00.000000000Z,5,111.979,111.982,111.976,111.979
1970-01-01 00:00:00.000000277,2019-03-01T09:31:00.000000000Z,6,111.982,111.982,111.974,111.974
1970-01-01 00:00:00.000000278,2019-03-01T09:33:00.000000000Z,6,111.972,111.972,111.960,111.963
1970-01-01 00:00:00.000000279,2019-03-01T09:34:00.000000000Z,6,111.965,111.968,111.964,111.964
1970-01-01 00:00:00.000000280,2019-03-01T09:35:00.000000000Z,8,111.962,111.962,111.954,111.954
1970-01-01 00:00:00.000000281,2019-03-01T09:36:00.000000000Z,6,111.952,111.954,111.945,111.945
1970-01-01 00:00:00.000000282,2019-03-01T09:37:00.000000000Z,15,111.947,111.950,111.938,111.942
1970-01-01 00:00:00.000000283,2019-03-01T09:38:00.000000000Z,6,111.944,111.944,111.937,111.942
1970-01-01 00:00:00.000000284,2019-03-01T09:39:00.000000000Z,7,111.940,111.942,111.935,111.935
1970-01-01 00:00:00.000000285,2019-03-01T09:40:00.000000000Z,7,111.933,111.933,111.922,111.928
1970-01-01 00:00:00.000000286,2019-03-01T09:41:00.000000000Z,13,111.926,111.926,111.910,111.914
1970-01-01 00:00:00.000000287,2019-03-01T09:42:00.000000000Z,19,111.917,111.922,111.906,111.906
1970-01-01 00:00:00.000000288,2019-03-01T09:43:00.000000000Z,6,111.908,111.910,111.906,111.906
1970-01-01 00:00:00.000000289,2019-03-01T09:44:00.000000000Z,6,111.908,111.908,111.898,111.900
1970-01-01 00:00:00.000000290,2019-03-01T09:45:00.000000000Z,10,111.902,111.908,111.898,111.905
1970-01-01 00:00:00.000000291,2019-03-01T09:46:00.000000000Z,3,111.902,111.905,111.902,111.902
1970-01-01 00:00:00.000000292,2019-03-01T09:47:00.000000000Z,4,111.905,111.910,111.905,111.908
1970-01-01 00:00:00.000000293,2019-03-01T09:48:00.000000000Z,5,111.905,111.905,111.897,111.899
1970-01-01 00:00:00.000000294,2019-03-01T09:49:00.000000000Z,4,111.902,111.904,111.901,111.904
1970-01-01 00:00:00.000000295,2019-03-01T09:50:00.000000000Z,6,111.906,111.906,111.901,111.903
1970-01-01 00:00:00.000000296,2019-03-01T09:51:00.000000000Z,2,111.901,111.903,111.901,111.903
1970-01-01 00:00:00.000000297,2019-03-01T09:52:00.000000000Z,2,111.906,111.908,111.906,111.908
1970-01-01 00:00:00.000000298,2019-03-01T09:53:00.000000000Z,8,111.911,111.916,111.908,111.914
1970-01-01 00:00:00.000000299,2019-03-01T09:54:00.000000000Z,4,111.911,111.911,111.908,111.908
1970-01-01 00:00:00.000000300,2019-03-01T09:55:00.000000000Z,7,111.906,111.906,111.901,111.906
1970-01-01 00:00:00.000000301,2019-03-01T09:57:00.000000000Z,3,111.904,111.908,111.904,111.908
1970-01-01 00:00:00.000000302,2019-03-01T09:58:00.000000000Z,5,111.911,111.911,111.901,111.901
1970-01-01 00:00:00.000000303,2019-03-01T09:59:00.000000000Z,10,111.904,111.906,111.902,111.906
1970-01-01 00:00:00.000000304,2019-03-01T10:00:00.000000000Z,8,111.908,111.914,111.906,111.911
1970-01-01 00:00:00.000000305,2019-03-01T10:01:00.000000000Z,13,111.914,111.926,111.913,111.926
1970-01-01 00:00:00.000000306,2019-03-01T10:02:00.000000000Z,10,111.929,111.936,111.926,111.926
1970-01-01 00:00:00.000000307,2019-03-01T10:03:00.000000000Z,12,111.929,111.936,111.926,111.932
1970-01-01 00:00:00.000000308,2019-03-01T10:04:00.000000000Z,3,111.934,111.934,111.932,111.934
1970-01-01 00:00:00.000000309,2019-03-01T10:05:00.000000000Z,5,111.932,111.932,111.927,111.927
1970-01-01 00:00:00.000000310,2019-03-01T10:06:00.000000000Z,6,111.925,111.925,111.915,111.917
1970-01-01 00:00:00.000000311,2019-03-01T10:07:00.000000000Z,3,111.914,111.919,111.914,111.919
1970-01-01 00:00:00.000000312,2019-03-01T10:08:00.000000000Z,7,111.916,111.916,111.908,111.910
1970-01-01 00:00:00.000000313,2019-03-01T10:09:00.000000000Z,7,111.908,111.911,111.904,111.904
1970-01-01 00:00:00.000000314,2019-03-01T10:10:00.000000000Z,3,111.902,111.904,111.901,111.901
1970-01-01 00:00:00.000000315,2019-03-01T10:11:00.000000000Z,5,111.898,111.898,111.887,111.887
1970-01-01 00:00:00.000000316,2019-03-01T10:12:00.000000000Z,10,111.884,111.888,111.872,111.878
1970-01-01 00:00:00.000000317,2019-03-01T10:13:00.000000000Z,9,111.876,111.878,111.868,111.875
1970-01-01 00:00:00.000000318,2019-03-01T10:14:00.000000000Z,11,111.872,111.872,111.860,111.866
1970-01-01 00:00:00.000000319,2019-03-01T10:15:00.000000000Z,11,111.870,111.872,111.856,111.864
1970-01-01 00:00:00.000000320,2019-03-01T10:16:00.000000000Z,2,111.860,111.860,111.858,111.858
1970-01-01 00:00:00.000000321,2019-03-01T10:17:00.000000000Z,4,111.861,111.864,111.858,111.858
1970-01-01 00:00:00.000000322,2019-03-01T10:18:00.000000000Z,5,111.861,111.863,111.856,111.856
1970-01-01 00:00:00.000000323,2019-03-01T10:19:00.000000000Z,10,111.858,111.860,111.854,111.856
1970-01-01 00:00:00.000000324,2019-03-01T10:20:00.000000000Z,20,111.858,111.872,111.858,111.870
1970-01-01 00:00:00.000000325,2019-03-01T10:21:00.000000000Z,11,111.868,111.868,111.853,111.864
1970-01-01 00:00:00.000000326,2019-03-01T10:22:00.000000000Z,3,111.866,111.872,111.866,111.872
1970-01-01 00:00:00.000000327,2019-03-01T10:23:00.000000000Z,8,111.870,111.870,111.856,111.856
1970-01-01 00:00:00.000000328,2019-03-01T10:24:00.000000000Z,6,111.854,111.858,111.851,111.856
1970-01-01 00:00:00.000000329,2019-03-01T10:25:00.000000000Z,5,111.854,111.858,111.854,111.858
1970-01-01 00:00:00.000000330,2019-03-01T10:26:00.000000000Z,2,111.861,111.861,111.858,111.858
1970-01-01 00:00:00.000000331,2019-03-01T10:27:00.000000000Z,8,111.856,111.864,111.853,111.864
1970-01-01 00:00:00.000000332,2019-03-01T10:28:00.000000000Z,4,111.862,111.864,111.860,111.864
1970-01-01 00:00:00.000000333,2019-03-01T10:29:00.000000000Z,3,111.867,111.872,111.867,111.872
1970-01-01 00:00:00.000000334,2019-03-01T10:30:00.000000000Z,4,111.874,111.878,111.873,111.873
1970-01-01 00:00:00.000000335,2019-03-01T10:31:00.000000000Z,2,111.876,111.878,111.876,111.878
1970-01-01 00:00:00.000000336,2019-03-01T10:32:00.000000000Z,6,111.876,111.876,111.870,111.873
1970-01-01 00:00:00.000000337,2019-03-01T10:33:00.000000000Z,6,111.870,111.870,111.863,111.863
1970-01-01 00:00:00.000000338,2019-03-01T10:34:00.000000000Z,9,111.866,111.872,111.865,111.865
1970-01-01 00:00:00.000000339,2019-03-01T10:35:00.000000000Z,13,111.862,111.864,111.851,111.860
1970-01-01 00:00:00.000000340,2019-03-01T10:36:00.000000000Z,7,111.858,111.858,111.843,111.843
1970-01-01 00:00:00.000000341,2019-03-01T10:37:00.000000000Z,10,111.846,111.848,111.836,111.838
1970-01-01 00:00:00.000000342,2019-03-01T10:38:00.000000000Z,9,111.836,111.836,111.826,111.826
1970-01-01 00:00:00.000000343,2019-03-01T10:39:00.000000000Z,4,111.828,111.836,111.828,111.836
1970-01-01 00:00:00.000000344,2019-03-01T10:40:00.000000000Z,3,111.838,111.841,111.838,111.839
1970-01-01 00:00:00.000000345,2019-03-01T10:41:00.000000000Z,6,111.842,111.852,111.842,111.850
1970-01-01 00:00:00.000000346,2019-03-01T10:42:00.000000000Z,4,111.847,111.850,111.845,111.845
1970-01-01 00:00:00.000000347,2019-03-01T10:43:00.000000000Z,8,111.848,111.858,111.848,111.852
1970-01-01 00:00:00.000000348,2019-03-01T10:44:00.000000000Z,11,111.854,111.868,111.854,111.857
1970-01-01 00:00:00.000000349,2019-03-01T10:45:00.000000000Z,6,111.854,111.862,111.854,111.857
1970-01-01 00:00:00.000000350,2019-03-01T10:46:00.000000000Z,7,111.859,111.869,111.859,111.869
1970-01-01 00:00:00.000000351,2019-03-01T10:47:00.000000000Z,3,111.872,111.877,111.872,111.877
1970-01-01 00:00:00.000000352,2019-03-01T10:48:00.000000000Z,10,111.879,111.882,111.877,111.877
1970-01-01 00:00:00.000000353,2019-03-01T10:49:00.000000000Z,2,111.874,111.874,111.872,111.872
1970-01-01 00:00:00.000000354,2019-03-01T10:50:00.000000000Z,3,111.868,111.868,111.864,111.864
1970-01-01 00:00:00.000000355,2019-03-01T10:53:00.000000000Z,6,111.866,111.870,111.860,111.860
1970-01-01 00:00:00.000000356,2019-03-01T10:54:00.000000000Z,7,111.857,111.857,111.850,111.857
1970-01-01 00:00:00.000000357,2019-03-01T10:55:00.000000000Z,12,111.854,111.864,111.854,111.862
1970-01-01 00:00:00.000000358,2019-03-01T10:56:00.000000000Z,6,111.864,111.872,111.862,111.872
1970-01-01 00:00:00.000000359,2019-03-01T10:57:00.000000000Z,3,111.869,111.869,111.864,111.864
1970-01-01 00:00:00.000000360,2019-03-01T10:58:00.000000000Z,5,111.862,111.862,111.851,111.851
1970-01-01 00:00:00.000000361,2019-03-01T10:59:00.000000000Z,8,111.848,111.862,111.848,111.860
1970-01-01 00:00:00.000000362,2019-03-01T11:00:00.000000000Z,10,111.858,111.867,111.854,111.860
1970-01-01 00:00:00.000000363,2019-03-01T11:01:00.000000000Z,8,111.857,111.857,111.845,111.845
1970-01-01 00:00:00.000000364,2019-03-01T11:02:00.000000000Z,2,111.848,111.848,111.844,111.844
1970-01-01 00:00:00.000000365,2019-03-01T11:03:00.000000000Z,5,111.842,111.846,111.842,111.846
1970-01-01 00:00:00.000000366,2019-03-01T11:04:00.000000000Z,9,111.849,111.853,111.846,111.853
1970-01-01 00:00:00.000000367,2019-03-01T11:05:00.000000000Z,6,111.856,111.858,111.854,111.858
1970-01-01 00:00:00.000000368,2019-03-01T11:06:00.000000000Z,9,111.856,111.856,111.843,111.850
1970-01-01 00:00:00.000000369,2019-03-01T11:07:00.000000000Z,6,111.853,111.853,111.842,111.842
1970-01-01 00:00:00.000000370,2019-03-01T11:08:00.000000000Z,3,111.838,111.841,111.838,111.839
1970-01-01 00:00:00.000000371,2019-03-01T11:09:00.000000000Z,2,111.842,111.844,111.842,111.844
1970-01-01 00:00:00.000000372,2019-03-01T11:10:00.000000000Z,5,111.841,111.846,111.841,111.846
1970-01-01 00:00:00.000000373,2019-03-01T11:11:00.000000000Z,5,111.848,111.854,111.848,111.854
1970-01-01 00:00:00.000000374,2019-03-01T11:12:00.000000000Z,4,111.851,111.852,111.849,111.849
1970-01-01 00:00:00.000000375,2019-03-01T11:13:00.000000000Z,5,111.852,111.859,111.852,111.857
1970-01-01 00:00:00.000000376,2019-03-01T11:14:00.000000000Z,5,111.860,111.864,111.859,111.864
1970-01-01 00:00:00.000000377,2019-03-01T11:15:00.000000000Z,4,111.861,111.861,111.858,111.858
1970-01-01 00:00:00.000000378,2019-03-01T11:16:00.000000000Z,1,111.860,111.860,111.860,111.860
1970-01-01 00:00:00.000000379,2019-03-01T11:17:00.000000000Z,3,111.858,111.864,111.858,111.864
1970-01-01 00:00:00.000000380,2019-03-01T11:18:00.000000000Z,2,111.866,111.866,111.864,111.864
1970-01-01 00:00:00.000000381,2019-03-01T11:19:00.000000000Z,6,111.866,111.869,111.864,111.869
1970-01-01 00:00:00.000000382,2019-03-01T11:20:00.000000000Z,4,111.872,111.872,111.866,111.868
1970-01-01 00:00:00.000000383,2019-03-01T11:21:00.000000000Z,1,111.866,111.866,111.866,111.866
1970-01-01 00:00:00.000000384,2019-03-01T11:22:00.000000000Z,5,111.868,111.875,111.868,111.872
1970-01-01 00:00:00.000000385,2019-03-01T11:23:00.000000000Z,1,111.870,111.870,111.870,111.870
1970-01-01 00:00:00.000000386,2019-03-01T11:24:00.000000000Z,3,111.868,111.868,111.866,111.868
1970-01-01 00:00:00.000000387,2019-03-01T11:25:00.000000000Z,3,111.870,111.872,111.870,111.870
1970-01-01 00:00:00.000000388,2019-03-01T11:26:00.000000000Z,2,111.868,111.868,111.866,111.866
1970-01-01 00:00:00.000000389,2019-03-01T11:27:00.000000000Z,1,111.868,111.868,111.868,111.868
1970-01-01 00:00:00.000000390,2019-03-01T11:28:00.000000000Z,2,111.866,111.866,111.863,111.863
1970-01-01 00:00:00.000000391,2019-03-01T11:29:00.000000000Z,4,111.860,111.860,111.857,111.857
1970-01-01 00:00:00.000000392,2019-03-01T11:31:00.000000000Z,6,111.859,111.860,111.857,111.858
1970-01-01 00:00:00.000000393,2019-03-01T11:32:00.000000000Z,6,111.860,111.863,111.858,111.863
1970-01-01 00:00:00.000000394,2019-03-01T11:34:00.000000000Z,1,111.866,111.866,111.866,111.866
1970-01-01 00:00:00.000000395,2019-03-01T11:35:00.000000000Z,3,111.863,111.863,111.858,111.858
1970-01-01 00:00:00.000000396,2019-03-01T11:36:00.000000000Z,2,111.860,111.863,111.860,111.863
1970-01-01 00:00:00.000000397,2019-03-01T11:37:00.000000000Z,2,111.860,111.860,111.858,111.858
1970-01-01 00:00:00.000000398,2019-03-01T11:39:00.000000000Z,3,111.861,111.861,111.856,111.856
1970-01-01 00:00:00.000000399,2019-03-01T11:40:00.000000000Z,3,111.859,111.864,111.859,111.864
1970-01-01 00:00:00.000000400,2019-03-01T11:42:00.000000000Z,1,111.862,111.862,111.862,111.862
1970-01-01 00:00:00.000000401,2019-03-01T11:43:00.000000000Z,3,111.864,111.864,111.862,111.864
1970-01-01 00:00:00.000000402,2019-03-01T11:45:00.000000000Z,10,111.862,111.862,111.844,111.844
1970-01-01 00:00:00.000000403,2019-03-01T11:46:00.000000000Z,19,111.842,111.842,111.820,111.821
1970-01-01 00:00:00.000000404,2019-03-01T11:47:00.000000000Z,3,111.818,111.818,111.814,111.814
1970-01-01 00:00:00.000000405,2019-03-01T11:48:00.000000000Z,6,111.816,111.819,111.814,111.818
1970-01-01 00:00:00.000000406,2019-03-01T11:49:00.000000000Z,4,111.820,111.820,111.812,111.812
1970-01-01 00:00:00.000000407,2019-03-01T11:50:00.000000000Z,3,111.814,111.814,111.810,111.810
1970-01-01 00:00:00.000000408,2019-03-01T11:51:00.000000000Z,9,111.808,111.810,111.803,111.808
1970-01-01 00:00:00.000000409,2019-03-01T11:52:00.000000000Z,3,111.810,111.814,111.810,111.814
1970-01-01 00:00:00.000000410,2019-03-01T11:53:00.000000000Z,5,111.817,111.817,111.813,111.813
1970-01-01 00:00:00.000000411,2019-03-01T11:54:00.000000000Z,16,111.810,111.827,111.808,111.827
1970-01-01 00:00:00.000000412,2019-03-01T11:55:00.000000000Z,9,111.830,111.846,111.830,111.846
1970-01-01 00:00:00.000000413,2019-03-01T11:56:00.000000000Z,9,111.842,111.852,111.840,111.848
1970-01-01 00:00:00.000000414,2019-03-01T11:57:00.000000000Z,7,111.850,111.852,111.844,111.844
1970-01-01 00:00:00.000000415,2019-03-01T11:58:00.000000000Z,9,111.842,111.842,111.821,111.821
1970-01-01 00:00:00.000000416,2019-03-01T11:59:00.000000000Z,2,111.823,111.823,111.820,111.820
1970-01-01 00:00:00.000000417,2019-03-01T12:00:00.000000000Z,5,111.818,111.820,111.815,111.818
1970-01-01 00:00:00.000000418,2019-03-01T12:01:00.000000000Z,4,111.815,111.817,111.815,111.817
1970-01-01 00:00:00.000000419,2019-03-01T12:02:00.000000000Z,2,111.815,111.815,111.812,111.812
1970-01-01 00:00:00.000000420,2019-03-01T12:03:00.000000000Z,7,111.816,111.818,111.814,111.816
1970-01-01 00:00:00.000000421,2019-03-01T12:04:00.000000000Z,3,111.818,111.818,111.814,111.814
1970-01-01 00:00:00.000000422,2019-03-01T12:05:00.000000000Z,1,111.812,111.812,111.812,111.812
1970-01-01 00:00:00.000000423,2019-03-01T12:06:00.000000000Z,6,111.814,111.827,111.814,111.827
1970-01-01 00:00:00.000000424,2019-03-01T12:07:00.000000000Z,2,111.829,111.829,111.827,111.827
1970-01-01 00:00:00.000000425,2019-03-01T12:10:00.000000000Z,4,111.824,111.827,111.822,111.827
1970-01-01 00:00:00.000000426,2019-03-01T12:11:00.000000000Z,6,111.830,111.836,111.830,111.833
1970-01-01 00:00:00.000000427,2019-03-01T12:13:00.000000000Z,5,111.830,111.830,111.826,111.826
1970-01-01 00:00:00.000000428,2019-03-01T12:14:00.000000000Z,22,111.823,111.834,111.823,111.830
1970-01-01 00:00:00.000000429,2019-03-01T12:15:00.000000000Z,7,111.828,111.830,111.824,111.824
1970-01-01 00:00:00.000000430,2019-03-01T12:16:00.000000000Z,12,111.820,111.820,111.808,111.812
1970-01-01 00:00:00.000000431,2019-03-01T12:17:00.000000000Z,8,111.810,111.810,111.803,111.808
1970-01-01 00:00:00.000000432,2019-03-01T12:18:00.000000000Z,12,111.806,111.806,111.788,111.788
1970-01-01 00:00:00.000000433,2019-03-01T12:19:00.000000000Z,6,111.790,111.790,111.785,111.787
1970-01-01 00:00:00.000000434,2019-03-01T12:20:00.000000000Z,2,111.790,111.790,111.788,111.788
1970-01-01 00:00:00.000000435,2019-03-01T12:21:00.000000000Z,11,111.790,111.802,111.790,111.794
1970-01-01 00:00:00.000000436,2019-03-01T12:22:00.000000000Z,2,111.796,111.799,111.796,111.799
1970-01-01 00:00:00.000000437,2019-03-01T12:23:00.000000000Z,10,111.796,111.796,111.782,111.784
1970-01-01 00:00:00.000000438,2019-03-01T12:24:00.000000000Z,4,111.787,111.790,111.787,111.790
1970-01-01 00:00:00.000000439,2019-03-01T12:25:00.000000000Z,2,111.788,111.788,111.784,111.784
1970-01-01 00:00:00.000000440,2019-03-01T12:26:00.000000000Z,14,111.788,111.798,111.788,111.790
1970-01-01 00:00:00.000000441,2019-03-01T12:27:00.000000000Z,5,111.788,111.788,111.777,111.777
1970-01-01 00:00:00.000000442,2019-03-01T12:28:00.000000000Z,8,111.780,111.783,111.778,111.782
1970-01-01 00:00:00.000000443,2019-03-01T12:29:00.000000000Z,5,111.784,111.784,111.782,111.784
1970-01-01 00:00:00.000000444,2019-03-01T12:30:00.000000000Z,13,111.782,111.792,111.778,111.778
1970-01-01 00:00:00.000000445,2019-03-01T12:31:00.000000000Z,2,111.775,111.775,111.772,111.772
1970-01-01 00:00:00.000000446,2019-03-01T12:32:00.000000000Z,2,111.770,111.773,111.770,111.773
1970-01-01 00:00:00.000000447,2019-03-01T12:33:00.000000000Z,2,111.776,111.778,111.776,111.778
1970-01-01 00:00:00.000000448,2019-03-01T12:34:00.000000000Z,1,111.780,111.780,111.780,111.780
1970-01-01 00:00:00.000000449,2019-03-01T12:35:00.000000000Z,3,111.782,111.787,111.782,111.787
1970-01-01 00:00:00.000000450,2019-03-01T12:36:00.000000000Z,4,111.790,111.795,111.790,111.792
1970-01-01 00:00:00.000000451,2019-03-01T12:37:00.000000000Z,10,111.790,111.796,111.788,111.792
1970-01-01 00:00:00.000000452,2019-03-01T12:39:00.000000000Z,4,111.789,111.792,111.786,111.786
1970-01-01 00:00:00.000000453,2019-03-01T12:40:00.000000000Z,13,111.788,111.798,111.788,111.794
1970-01-01 00:00:00.000000454,2019-03-01T12:41:00.000000000Z,8,111.791,111.800,111.791,111.798
1970-01-01 00:00:00.000000455,2019-03-01T12:42:00.000000000Z,3,111.795,111.795,111.790,111.790
1970-01-01 00:00:00.000000456,2019-03-01T12:43:00.000000000Z,2,111.788,111.788,111.784,111.784
1970-01-01 00:00:00.000000457,2019-03-01T12:44:00.000000000Z,11,111.787,111.792,111.772,111.772
1970-01-01 00:00:00.000000458,2019-03-01T12:45:00.000000000Z,17,111.775,111.792,111.775,111.785
1970-01-01 00:00:00.000000459,2019-03-01T12:46:00.000000000Z,7,111.782,111.789,111.780,111.786
1970-01-01 00:00:00.000000460,2019-03-01T12:47:00.000000000Z,8,111.784,111.787,111.772,111.772
1970-01-01 00:00:00.000000461,2019-03-01T12:48:00.000000000Z,5,111.769,111.774,111.767,111.774
1970-01-01 00:00:00.000000462,2019-03-01T12:49:00.000000000Z,9,111.772,111.787,111.772,111.787
1970-01-01 00:00:00.000000463,2019-03-01T12:50:00.000000000Z,2,111.785,111.787,111.785,111.787
1970-01-01 00:00:00.000000464,2019-03-01T12:51:00.000000000Z,22,111.790,111.799,111.790,111.796
1970-01-01 00:00:00.000000465,2019-03-01T12:52:00.000000000Z,4,111.799,111.807,111.799,111.807
1970-01-01 00:00:00.000000466,2019-03-01T12:53:00.000000000Z,3,111.804,111.804,111.800,111.800
1970-01-01 00:00:00.000000467,2019-03-01T12:55:00.000000000Z,6,111.802,111.812,111.802,111.812
1970-01-01 00:00:00.000000468,2019-03-01T12:56:00.000000000Z,5,111.814,111.825,111.814,111.825
1970-01-01 00:00:00.000000469,2019-03-01T12:57:00.000000000Z,7,111.828,111.833,111.825,111.833
1970-01-01 00:00:00.000000470,2019-03-01T12:58:00.000000000Z,9,111.831,111.846,111.831,111.846
1970-01-01 00:00:00.000000471,2019-03-01T12:59:00.000000000Z,14,111.849,111.854,111.842,111.848
1970-01-01 00:00:00.000000472,2019-03-01T13:00:00.000000000Z,14,111.846,111.848,111.836,111.848
1970-01-01 00:00:00.000000473,2019-03-01T13:01:00.000000000Z,9,111.852,111.867,111.852,111.862
1970-01-01 00:00:00.000000474,2019-03-01T13:02:00.000000000Z,20,111.860,111.878,111.860,111.874
1970-01-01 00:00:00.000000475,2019-03-01T13:03:00.000000000Z,17,111.872,111.872,111.850,111.863
1970-01-01 00:00:00.000000476,2019-03-01T13:04:00.000000000Z,11,111.865,111.890,111.865,111.890
1970-01-01 00:00:00.000000477,2019-03-01T13:05:00.000000000Z,18,111.892,111.892,111.880,111.890
1970-01-01 00:00:00.000000478,2019-03-01T13:06:00.000000000Z,11,111.888,111.888,111.878,111.882
1970-01-01 00:00:00.000000479,2019-03-01T13:07:00.000000000Z,6,111.884,111.890,111.884,111.888
1970-01-01 00:00:00.000000480,2019-03-01T13:08:00.000000000Z,14,111.890,111.898,111.886,111.898
1970-01-01 00:00:00.000000481,2019-03-01T13:09:00.000000000Z,17,111.901,111.901,111.888,111.895
1970-01-01 00:00:00.000000482,2019-03-01T13:10:00.000000000Z,18,111.892,111.892,111.882,111.884
1970-01-01 00:00:00.000000483,2019-03-01T13:11:00.000000000Z,10,111.888,111.895,111.888,111.895
1970-01-01 00:00:00.000000484,2019-03-01T13:12:00.000000000Z,10,111.892,111.902,111.890,111.890
1970-01-01 00:00:00.000000485,2019-03-01T13:13:00.000000000Z,9,111.887,111.887,111.882,111.882
1970-01-01 00:00:00.000000486,2019-03-01T13:14:00.000000000Z,16,111.880,111.887,111.877,111.882
1970-01-01 00:00:00.000000487,2019-03-01T13:15:00.000000000Z,11,111.880,111.887,111.876,111.878
1970-01-01 00:00:00.000000488,2019-03-01T13:16:00.000000000Z,16,111.876,111.882,111.866,111.869
1970-01-01 00:00:00.000000489,2019-03-01T13:17:00.000000000Z,12,111.872,111.884,111.869,111.884
1970-01-01 00:00:00.000000490,2019-03-01T13:18:00.000000000Z,27,111.881,111.881,111.844,111.846
1970-01-01 00:00:00.000000491,2019-03-01T13:19:00.000000000Z,19,111.844,111.847,111.831,111.831
1970-01-01 00:00:00.000000492,2019-03-01T13:20:00.000000000Z,27,111.828,111.846,111.819,111.838
1970-01-01 00:00:00.000000493,2019-03-01T13:21:00.000000000Z,26,111.840,111.852,111.828,111.852
1970-01-01 00:00:00.000000494,2019-03-01T13:22:00.000000000Z,20,111.854,111.868,111.854,111.864
1970-01-01 00:00:00.000000495,2019-03-01T13:23:00.000000000Z,23,111.862,111.862,111.849,111.852
1970-01-01 00:00:00.000000496,2019-03-01T13:24:00.000000000Z,12,111.855,111.857,111.848,111.857
1970-01-01 00:00:00.000000497,2019-03-01T13:25:00.000000000Z,19,111.854,111.854,111.838,111.845
1970-01-01 00:00:00.000000498,2019-03-01T13:26:00.000000000Z,24,111.848,111.888,111.848,111.882
1970-01-01 00:00:00.000000499,2019-03-01T13:27:00.000000000Z,14,111.884,111.884,111.874,111.882
1970-01-01 00:00:00.000000500,2019-03-01T13:28:00.000000000Z,20,111.884,111.896,111.881,111.891
1970-01-01 00:00:00.000000501,2019-03-01T13:29:00.000000000Z,22,111.888,111.898,111.882,111.890
1970-01-01 00:00:00.000000502,2019-03-01T13:30:00.000000000Z,29,111.888,111.896,111.868,111.870
1970-01-01 00:00:00.000000503,2019-03-01T13:31:00.000000000Z,21,111.868,111.868,111.855,111.857
1970-01-01 00:00:00.000000504,2019-03-01T13:32:00.000000000Z,26,111.854,111.862,111.844,111.857
1970-01-01 00:00:00.000000505,2019-03-01T13:33:00.000000000Z,12,111.854,111.857,111.850,111.857
1970-01-01 00:00:00.000000506,2019-03-01T13:34:00.000000000Z,20,111.859,111.876,111.856,111.867
1970-01-01 00:00:00.000000507,2019-03-01T13:35:00.000000000Z,24,111.864,111.872,111.860,111.867
1970-01-01 00:00:00.000000508,2019-03-01T13:36:00.000000000Z,16,111.864,111.864,111.852,111.857
1970-01-01 00:00:00.000000509,2019-03-01T13:37:00.000000000Z,11,111.855,111.865,111.852,111.864
1970-01-01 00:00:00.000000510,2019-03-01T13:38:00.000000000Z,28,111.862,111.865,111.850,111.861
1970-01-01 00:00:00.000000511,2019-03-01T13:39:00.000000000Z,16,111.864,111.864,111.858,111.861
1970-01-01 00:00:00.000000512,2019-03-01T13:40:00.000000000Z,24,111.858,111.862,111.850,111.854
1970-01-01 00:00:00.000000513,2019-03-01T13:41:00.000000000Z,8,111.852,111.854,111.848,111.850
1970-01-01 00:00:00.000000514,2019-03-01T13:42:00.000000000Z,11,111.852,111.852,111.828,111.828
1970-01-01 00:00:00.000000515,2019-03-01T13:43:00.000000000Z,19,111.830,111.851,111.830,111.842
1970-01-01 00:00:00.000000516,2019-03-01T13:44:00.000000000Z,12,111.838,111.844,111.836,111.842
1970-01-01 00:00:00.000000517,2019-03-01T13:45:00.000000000Z,23,111.839,111.860,111.839,111.845
1970-01-01 00:00:00.000000518,2019-03-01T13:46:00.000000000Z,23,111.848,111.864,111.848,111.852
1970-01-01 00:00:00.000000519,2019-03-01T13:47:00.000000000Z,12,111.850,111.850,111.840,111.840
1970-01-01 00:00:00.000000520,2019-03-01T13:48:00.000000000Z,18,111.842,111.842,111.815,111.815
1970-01-01 00:00:00.000000521,2019-03-01T13:49:00.000000000Z,16,111.817,111.830,111.815,111.830
1970-01-01 00:00:00.000000522,2019-03-01T13:50:00.000000000Z,10,111.828,111.830,111.818,111.820
1970-01-01 00:00:00.000000523,2019-03-01T13:51:00.000000000Z,12,111.822,111.827,111.813,111.820
1970-01-01 00:00:00.000000524,2019-03-01T13:52:00.000000000Z,23,111.818,111.818,111.806,111.812
1970-01-01 00:00:00.000000525,2019-03-01T13:53:00.000000000Z,13,111.814,111.818,111.808,111.808
1970-01-01 00:00:00.000000526,2019-03-01T13:54:00.000000000Z,16,111.806,111.808,111.798,111.804
1970-01-01 00:00:00.000000527,2019-03-01T13:55:00.000000000Z,12,111.802,111.814,111.802,111.814
1970-01-01 00:00:00.000000528,2019-03-01T13:56:00.000000000Z,16,111.816,111.834,111.816,111.828
1970-01-01 00:00:00.000000529,2019-03-01T13:57:00.000000000Z,14,111.831,111.838,111.828,111.834
1970-01-01 00:00:00.000000530,2019-03-01T13:58:00.000000000Z,8,111.831,111.844,111.828,111.844
1970-01-01 00:00:00.000000531,2019-03-01T13:59:00.000000000Z,7,111.846,111.854,111.846,111.850
1970-01-01 00:00:00.000000532,2019-03-01T14:00:00.000000000Z,25,111.848,111.868,111.840,111.863
1970-01-01 00:00:00.000000533,2019-03-01T14:01:00.000000000Z,13,111.860,111.876,111.858,111.872
1970-01-01 00:00:00.000000534,2019-03-01T14:02:00.000000000Z,16,111.868,111.876,111.858,111.860
1970-01-01 00:00:00.000000535,2019-03-01T14:03:00.000000000Z,9,111.858,111.858,111.838,111.838
1970-01-01 00:00:00.000000536,2019-03-01T14:04:00.000000000Z,30,111.840,111.874,111.840,111.870
1970-01-01 00:00:00.000000537,2019-03-01T14:05:00.000000000Z,13,111.868,111.878,111.860,111.878
1970-01-01 00:00:00.000000538,2019-03-01T14:06:00.000000000Z,13,111.881,111.886,111.878,111.886
1970-01-01 00:00:00.000000539,2019-03-01T14:07:00.000000000Z,14,111.883,111.894,111.878,111.894
1970-01-01 00:00:00.000000540,2019-03-01T14:08:00.000000000Z,23,111.896,111.913,111.896,111.909
1970-01-01 00:00:00.000000541,2019-03-01T14:09:00.000000000Z,23,111.912,111.924,111.910,111.913
1970-01-01 00:00:00.000000542,2019-03-01T14:10:00.000000000Z,25,111.910,111.924,111.901,111.901
1970-01-01 00:00:00.000000543,2019-03-01T14:11:00.000000000Z,11,111.903,111.906,111.890,111.890
1970-01-01 00:00:00.000000544,2019-03-01T14:12:00.000000000Z,8,111.887,111.892,111.885,111.889
1970-01-01 00:00:00.000000545,2019-03-01T14:13:00.000000000Z,10,111.886,111.894,111.884,111.888
1970-01-01 00:00:00.000000546,2019-03-01T14:14:00.000000000Z,16,111.886,111.893,111.878,111.884
1970-01-01 00:00:00.000000547,2019-03-01T14:15:00.000000000Z,12,111.882,111.890,111.874,111.890
1970-01-01 00:00:00.000000548,2019-03-01T14:16:00.000000000Z,20,111.894,111.924,111.894,111.921
1970-01-01 00:00:00.000000549,2019-03-01T14:17:00.000000000Z,12,111.918,111.918,111.906,111.912
1970-01-01 00:00:00.000000550,2019-03-01T14:18:00.000000000Z,10,111.909,111.909,111.899,111.906
1970-01-01 00:00:00.000000551,2019-03-01T14:19:00.000000000Z,10,111.904,111.906,111.896,111.896
1970-01-01 00:00:00.000000552,2019-03-01T14:20:00.000000000Z,7,111.894,111.908,111.894,111.908
1970-01-01 00:00:00.000000553,2019-03-01T14:21:00.000000000Z,17,111.906,111.906,111.881,111.881
1970-01-01 00:00:00.000000554,2019-03-01T14:22:00.000000000Z,16,111.883,111.891,111.878,111.880
1970-01-01 00:00:00.000000555,2019-03-01T14:23:00.000000000Z,7,111.882,111.888,111.882,111.883
1970-01-01 00:00:00.000000556,2019-03-01T14:24:00.000000000Z,16,111.880,111.887,111.877,111.886
1970-01-01 00:00:00.000000557,2019-03-01T14:25:00.000000000Z,10,111.884,111.888,111.883,111.888
1970-01-01 00:00:00.000000558,2019-03-01T14:26:00.000000000Z,15,111.884,111.884,111.862,111.870
1970-01-01 00:00:00.000000559,2019-03-01T14:27:00.000000000Z,15,111.868,111.868,111.854,111.858
1970-01-01 00:00:00.000000560,2019-03-01T14:28:00.000000000Z,9,111.856,111.856,111.848,111.851
1970-01-01 00:00:00.000000561,2019-03-01T14:29:00.000000000Z,19,111.848,111.848,111.824,111.824
1970-01-01 00:00:00.000000562,2019-03-01T14:30:00.000000000Z,48,111.826,111.840,111.824,111.830
1970-01-01 00:00:00.000000563,2019-03-01T14:31:00.000000000Z,31,111.833,111.833,111.806,111.818
1970-01-01 00:00:00.000000564,2019-03-01T14:32:00.000000000Z,23,111.821,111.827,111.812,111.820
1970-01-01 00:00:00.000000565,2019-03-01T14:33:00.000000000Z,26,111.822,111.834,111.820,111.824
1970-01-01 00:00:00.000000566,2019-03-01T14:34:00.000000000Z,26,111.822,111.824,111.806,111.810
1970-01-01 00:00:00.000000567,2019-03-01T14:35:00.000000000Z,18,111.812,111.815,111.800,111.800
1970-01-01 00:00:00.000000568,2019-03-01T14:36:00.000000000Z,19,111.802,111.808,111.798,111.803
1970-01-01 00:00:00.000000569,2019-03-01T14:37:00.000000000Z,14,111.806,111.810,111.800,111.802
1970-01-01 00:00:00.000000570,2019-03-01T14:38:00.000000000Z,19,111.805,111.820,111.805,111.809
1970-01-01 00:00:00.000000571,2019-03-01T14:39:00.000000000Z,14,111.811,111.824,111.809,111.809
1970-01-01 00:00:00.000000572,2019-03-01T14:40:00.000000000Z,17,111.811,111.818,111.809,111.816
1970-01-01 00:00:00.000000573,2019-03-01T14:41:00.000000000Z,6,111.819,111.828,111.819,111.824
1970-01-01 00:00:00.000000574,2019-03-01T14:42:00.000000000Z,7,111.821,111.821,111.809,111.811
1970-01-01 00:00:00.000000575,2019-03-01T14:43:00.000000000Z,6,111.814,111.822,111.814,111.816
1970-01-01 00:00:00.000000576,2019-03-01T14:44:00.000000000Z,13,111.814,111.814,111.808,111.808
1970-01-01 00:00:00.000000577,2019-03-01T14:45:00.000000000Z,31,111.806,111.806,111.788,111.794
1970-01-01 00:00:00.000000578,2019-03-01T14:46:00.000000000Z,9,111.791,111.801,111.788,111.801
1970-01-01 00:00:00.000000579,2019-03-01T14:47:00.000000000Z,20,111.798,111.808,111.792,111.792
1970-01-01 00:00:00.000000580,2019-03-01T14:48:00.000000000Z,22,111.790,111.810,111.790,111.795
1970-01-01 00:00:00.000000581,2019-03-01T14:49:00.000000000Z,32,111.792,111.814,111.792,111.814
1970-01-01 00:00:00.000000582,2019-03-01T14:50:00.000000000Z,20,111.816,111.816,111.802,111.808
1970-01-01 00:00:00.000000583,2019-03-01T14:51:00.000000000Z,16,111.811,111.824,111.811,111.820
1970-01-01 00:00:00.000000584,2019-03-01T14:52:00.000000000Z,5,111.818,111.822,111.818,111.822
1970-01-01 00:00:00.000000585,2019-03-01T14:53:00.000000000Z,10,111.820,111.827,111.815,111.827
1970-01-01 00:00:00.000000586,2019-03-01T14:54:00.000000000Z,30,111.829,111.849,111.829,111.844
1970-01-01 00:00:00.000000587,2019-03-01T14:55:00.000000000Z,24,111.846,111.846,111.834,111.840
1970-01-01 00:00:00.000000588,2019-03-01T14:56:00.000000000Z,9,111.842,111.847,111.837,111.837
1970-01-01 00:00:00.000000589,2019-03-01T14:57:00.000000000Z,8,111.839,111.839,111.834,111.837
1970-01-01 00:00:00.000000590,2019-03-01T14:58:00.000000000Z,12,111.834,111.844,111.832,111.841
1970-01-01 00:00:00.000000591,2019-03-01T14:59:00.000000000Z,58,111.844,111.886,111.844,111.863
1970-01-01 00:00:00.000000592,2019-03-01T15:00:00.000000000Z,294,111.860,111.860,111.642,111.662
1970-01-01 00:00:00.000000593,2019-03-01T15:01:00.000000000Z,77,111.660,111.697,111.650,111.694
1970-01-01 00:00:00.000000594,2019-03-01T15:02:00.000000000Z,45,111.697,111.706,111.665,111.694
1970-01-01 00:00:00.000000595,2019-03-01T15:03:00.000000000Z,73,111.691,111.720,111.689,111.718
1970-01-01 00:00:00.000000596,2019-03-01T15:04:00.000000000Z,52,111.720,111.754,111.705,111.754
1970-01-01 00:00:00.000000597,2019-03-01T15:05:00.000000000Z,36,111.756,111.758,111.730,111.736
1970-01-01 00:00:00.000000598,2019-03-01T15:06:00.000000000Z,43,111.734,111.744,111.719,111.739
1970-01-01 00:00:00.000000599,2019-03-01T15:07:00.000000000Z,58,111.742,111.766,111.729,111.729
1970-01-01 00:00:00.000000600,2019-03-01T15:08:00.000000000Z,44,111.732,111.764,111.730,111.762
1970-01-01 00:00:00.000000601,2019-03-01T15:09:00.000000000Z,23,111.759,111.778,111.756,111.771
1970-01-01 00:00:00.000000602,2019-03-01T15:10:00.000000000Z,39,111.774,111.796,111.764,111.794
1970-01-01 00:00:00.000000603,2019-03-01T15:11:00.000000000Z,30,111.791,111.792,111.774,111.778
1970-01-01 00:00:00.000000604,2019-03-01T15:12:00.000000000Z,21,111.776,111.778,111.756,111.762
1970-01-01 00:00:00.000000605,2019-03-01T15:13:00.000000000Z,21,111.758,111.768,111.747,111.752
1970-01-01 00:00:00.000000606,2019-03-01T15:14:00.000000000Z,13,111.754,111.770,111.754,111.770
1970-01-01 00:00:00.000000607,2019-03-01T15:15:00.000000000Z,32,111.767,111.774,111.746,111.764
1970-01-01 00:00:00.000000608,2019-03-01T15:16:00.000000000Z,58,111.761,111.764,111.722,111.722
1970-01-01 00:00:00.000000609,2019-03-01T15:17:00.000000000Z,28,111.720,111.749,111.718,111.746
1970-01-01 00:00:00.000000610,2019-03-01T15:18:00.000000000Z,25,111.748,111.762,111.746,111.756
1970-01-01 00:00:00.000000611,2019-03-01T15:19:00.000000000Z,32,111.754,111.756,111.734,111.746
1970-01-01 00:00:00.000000612,2019-03-01T15:20:00.000000000Z,23,111.742,111.750,111.730,111.733
1970-01-01 00:00:00.000000613,2019-03-01T15:21:00.000000000Z,26,111.736,111.738,111.716,111.718
1970-01-01 00:00:00.000000614,2019-03-01T15:22:00.000000000Z,20,111.721,111.734,111.718,111.718
1970-01-01 00:00:00.000000615,2019-03-01T15:23:00.000000000Z,40,111.716,111.716,111.696,111.703
1970-01-01 00:00:00.000000616,2019-03-01T15:24:00.000000000Z,34,111.706,111.712,111.696,111.700
1970-01-01 00:00:00.000000617,2019-03-01T15:25:00.000000000Z,33,111.702,111.702,111.678,111.678
1970-01-01 00:00:00.000000618,2019-03-01T15:26:00.000000000Z,35,111.680,111.714,111.678,111.714
1970-01-01 00:00:00.000000619,2019-03-01T15:27:00.000000000Z,33,111.716,111.739,111.716,111.728
1970-01-01 00:00:00.000000620,2019-03-01T15:28:00.000000000Z,35,111.730,111.750,111.728,111.739
1970-01-01 00:00:00.000000621,2019-03-01T15:29:00.000000000Z,14,111.742,111.742,111.728,111.734
1970-01-01 00:00:00.000000622,2019-03-01T15:30:00.000000000Z,12,111.730,111.730,111.710,111.712
1970-01-01 00:00:00.000000623,2019-03-01T15:31:00.000000000Z,34,111.715,111.742,111.713,111.740
1970-01-01 00:00:00.000000624,2019-03-01T15:32:00.000000000Z,21,111.742,111.754,111.734,111.752
1970-01-01 00:00:00.000000625,2019-03-01T15:33:00.000000000Z,24,111.749,111.751,111.727,111.736
1970-01-01 00:00:00.000000626,2019-03-01T15:34:00.000000000Z,24,111.734,111.762,111.734,111.756
1970-01-01 00:00:00.000000627,2019-03-01T15:35:00.000000000Z,23,111.759,111.764,111.739,111.747
1970-01-01 00:00:00.000000628,2019-03-01T15:36:00.000000000Z,32,111.744,111.747,111.728,111.747
1970-01-01 00:00:00.000000629,2019-03-01T15:37:00.000000000Z,20,111.750,111.765,111.750,111.752
1970-01-01 00:00:00.000000630,2019-03-01T15:38:00.000000000Z,17,111.754,111.766,111.752,111.766
1970-01-01 00:00:00.000000631,2019-03-01T15:39:00.000000000Z,20,111.763,111.784,111.760,111.774
1970-01-01 00:00:00.000000632,2019-03-01T15:40:00.000000000Z,30,111.771,111.784,111.758,111.784
1970-01-01 00:00:00.000000633,2019-03-01T15:41:00.000000000Z,38,111.786,111.825,111.784,111.815
1970-01-01 00:00:00.000000634,2019-03-01T15:42:00.000000000Z,32,111.817,111.844,111.808,111.844
1970-01-01 00:00:00.000000635,2019-03-01T15:43:00.000000000Z,54,111.848,111.867,111.838,111.864
1970-01-01 00:00:00.000000636,2019-03-01T15:44:00.000000000Z,29,111.862,111.877,111.852,111.877
1970-01-01 00:00:00.000000637,2019-03-01T15:45:00.000000000Z,32,111.879,111.884,111.856,111.856
1970-01-01 00:00:00.000000638,2019-03-01T15:46:00.000000000Z,20,111.854,111.860,111.846,111.860
1970-01-01 00:00:00.000000639,2019-03-01T15:47:00.000000000Z,29,111.862,111.868,111.840,111.847
1970-01-01 00:00:00.000000640,2019-03-01T15:48:00.000000000Z,31,111.849,111.860,111.830,111.844
1970-01-01 00:00:00.000000641,2019-03-01T15:49:00.000000000Z,33,111.847,111.876,111.847,111.856
1970-01-01 00:00:00.000000642,2019-03-01T15:50:00.000000000Z,32,111.858,111.872,111.844,111.852
1970-01-01 00:00:00.000000643,2019-03-01T15:51:00.000000000Z,41,111.855,111.890,111.851,111.890
1970-01-01 00:00:00.000000644,2019-03-01T15:52:00.000000000Z,47,111.888,111.894,111.876,111.890
1970-01-01 00:00:00.000000645,2019-03-01T15:53:00.000000000Z,22,111.892,111.900,111.886,111.894
1970-01-01 00:00:00.000000646,2019-03-01T15:54:00.000000000Z,33,111.892,111.894,111.882,111.892
1970-01-01 00:00:00.000000647,2019-03-01T15:55:00.000000000Z,23,111.890,111.903,111.890,111.895
1970-01-01 00:00:00.000000648,2019-03-01T15:56:00.000000000Z,28,111.892,111.908,111.879,111.905
1970-01-01 00:00:00.000000649,2019-03-01T15:57:00.000000000Z,31,111.907,111.908,111.892,111.899
1970-01-01 00:00:00.000000650,2019-03-01T15:58:00.000000000Z,25,111.902,111.913,111.899,111.908
1970-01-01 00:00:00.000000651,2019-03-01T15:59:00.000000000Z,27,111.910,111.918,111.892,111.899
1970-01-01 00:00:00.000000652,2019-03-01T16:00:00.000000000Z,52,111.902,111.904,111.874,111.880
1970-01-01 00:00:00.000000653,2019-03-01T16:01:00.000000000Z,39,111.882,111.894,111.879,111.884
1970-01-01 00:00:00.000000654,2019-03-01T16:02:00.000000000Z,26,111.886,111.903,111.884,111.889
1970-01-01 00:00:00.000000655,2019-03-01T16:03:00.000000000Z,13,111.886,111.894,111.886,111.892
1970-01-01 00:00:00.000000656,2019-03-01T16:04:00.000000000Z,18,111.894,111.927,111.892,111.927
1970-01-01 00:00:00.000000657,2019-03-01T16:05:00.000000000Z,23,111.925,111.930,111.914,111.914
1970-01-01 00:00:00.000000658,2019-03-01T16:06:00.000000000Z,27,111.916,111.919,111.905,111.910
1970-01-01 00:00:00.000000659,2019-03-01T16:07:00.000000000Z,37,111.914,111.929,111.899,111.899
1970-01-01 00:00:00.000000660,2019-03-01T16:08:00.000000000Z,16,111.902,111.906,111.898,111.899
1970-01-01 00:00:00.000000661,2019-03-01T16:09:00.000000000Z,16,111.896,111.920,111.894,111.914
1970-01-01 00:00:00.000000662,2019-03-01T16:10:00.000000000Z,17,111.912,111.922,111.904,111.906
1970-01-01 00:00:00.000000663,2019-03-01T16:11:00.000000000Z,27,111.904,111.904,111.880,111.880
1970-01-01 00:00:00.000000664,2019-03-01T16:12:00.000000000Z,21,111.882,111.890,111.876,111.888
1970-01-01 00:00:00.000000665,2019-03-01T16:13:00.000000000Z,9,111.890,111.890,111.886,111.890
1970-01-01 00:00:00.000000666,2019-03-01T16:14:00.000000000Z,26,111.888,111.890,111.878,111.890
1970-01-01 00:00:00.000000667,2019-03-01T16:15:00.000000000Z,25,111.894,111.898,111.876,111.879
1970-01-01 00:00:00.000000668,2019-03-01T16:16:00.000000000Z,23,111.882,111.902,111.882,111.887
1970-01-01 00:00:00.000000669,2019-03-01T16:17:00.000000000Z,29,111.884,111.906,111.884,111.900
1970-01-01 00:00:00.000000670,2019-03-01T16:18:00.000000000Z,38,111.902,111.929,111.902,111.926
1970-01-01 00:00:00.000000671,2019-03-01T16:19:00.000000000Z,16,111.928,111.934,111.919,111.922
1970-01-01 00:00:00.000000672,2019-03-01T16:20:00.000000000Z,30,111.924,111.932,111.920,111.922
1970-01-01 00:00:00.000000673,2019-03-01T16:21:00.000000000Z,19,111.920,111.922,111.904,111.908
1970-01-01 00:00:00.000000674,2019-03-01T16:22:00.000000000Z,15,111.911,111.911,111.879,111.882
1970-01-01 00:00:00.000000675,2019-03-01T16:23:00.000000000Z,26,111.884,111.890,111.879,111.887
1970-01-01 00:00:00.000000676,2019-03-01T16:24:00.000000000Z,33,111.884,111.890,111.870,111.890
1970-01-01 00:00:00.000000677,2019-03-01T16:25:00.000000000Z,16,111.888,111.893,111.878,111.880
1970-01-01 00:00:00.000000678,2019-03-01T16:26:00.000000000Z,16,111.882,111.891,111.878,111.882
1970-01-01 00:00:00.000000679,2019-03-01T16:27:00.000000000Z,8,111.884,111.892,111.882,111.892
1970-01-01 00:00:00.000000680,2019-03-01T16:28:00.000000000Z,12,111.890,111.898,111.890,111.892
1970-01-01 00:00:00.000000681,2019-03-01T16:29:00.000000000Z,6,111.894,111.896,111.892,111.896
1970-01-01 00:00:00.000000682,2019-03-01T16:30:00.000000000Z,11,111.900,111.902,111.892,111.899
1970-01-01 00:00:00.000000683,2019-03-01T16:31:00.000000000Z,14,111.897,111.897,111.884,111.884
1970-01-01 00:00:00.000000684,2019-03-01T16:32:00.000000000Z,14,111.882,111.884,111.874,111.884
1970-01-01 00:00:00.000000685,2019-03-01T16:33:00.000000000Z,36,111.887,111.890,111.856,111.868
1970-01-01 00:00:00.000000686,2019-03-01T16:34:00.000000000Z,23,111.871,111.878,111.867,111.871
1970-01-01 00:00:00.000000687,2019-03-01T16:35:00.000000000Z,18,111.874,111.881,111.872,111.876
1970-01-01 00:00:00.000000688,2019-03-01T16:36:00.000000000Z,23,111.878,111.885,111.872,111.884
1970-01-01 00:00:00.000000689,2019-03-01T16:37:00.000000000Z,18,111.882,111.888,111.874,111.879
1970-01-01 00:00:00.000000690,2019-03-01T16:38:00.000000000Z,20,111.882,111.892,111.880,111.884
1970-01-01 00:00:00.000000691,2019-03-01T16:39:00.000000000Z,19,111.887,111.908,111.887,111.908
1970-01-01 00:00:00.000000692,2019-03-01T16:40:00.000000000Z,21,111.906,111.920,111.906,111.910
1970-01-01 00:00:00.000000693,2019-03-01T16:41:00.000000000Z,19,111.908,111.914,111.900,111.902
1970-01-01 00:00:00.000000694,2019-03-01T16:42:00.000000000Z,27,111.904,111.904,111.888,111.890
1970-01-01 00:00:00.000000695,2019-03-01T16:43:00.000000000Z,15,111.888,111.900,111.888,111.898
1970-01-01 00:00:00.000000696,2019-03-01T16:44:00.000000000Z,7,111.895,111.895,111.886,111.890
1970-01-01 00:00:00.000000697,2019-03-01T16:45:00.000000000Z,17,111.894,111.911,111.894,111.904
1970-01-01 00:00:00.000000698,2019-03-01T16:46:00.000000000Z,21,111.906,111.916,111.899,111.916
1970-01-01 00:00:00.000000699,2019-03-01T16:47:00.000000000Z,37,111.914,111.940,111.908,111.931
1970-01-01 00:00:00.000000700,2019-03-01T16:48:00.000000000Z,17,111.934,111.934,111.917,111.917
1970-01-01 00:00:00.000000701,2019-03-01T16:49:00.000000000Z,22,111.915,111.916,111.903,111.908
1970-01-01 00:00:00.000000702,2019-03-01T16:50:00.000000000Z,14,111.905,111.908,111.903,111.908
1970-01-01 00:00:00.000000703,2019-03-01T16:51:00.000000000Z,19,111.910,111.918,111.891,111.891
1970-01-01 00:00:00.000000704,2019-03-01T16:52:00.000000000Z,22,111.888,111.890,111.866,111.872
1970-01-01 00:00:00.000000705,2019-03-01T16:53:00.000000000Z,16,111.874,111.878,111.872,111.873
1970-01-01 00:00:00.000000706,2019-03-01T16:54:00.000000000Z,21,111.875,111.878,111.868,111.870
1970-01-01 00:00:00.000000707,2019-03-01T16:55:00.000000000Z,14,111.872,111.878,111.868,111.874
1970-01-01 00:00:00.000000708,2019-03-01T16:56:00.000000000Z,6,111.872,111.878,111.872,111.875
1970-01-01 00:00:00.000000709,2019-03-01T16:57:00.000000000Z,10,111.878,111.890,111.874,111.890
1970-01-01 00:00:00.000000710,2019-03-01T16:58:00.000000000Z,8,111.892,111.892,111.885,111.890
1970-01-01 00:00:00.000000711,2019-03-01T16:59:00.000000000Z,13,111.892,111.900,111.890,111.898
1970-01-01 00:00:00.000000712,2019-03-01T17:00:00.000000000Z,17,111.896,111.896,111.884,111.885
1970-01-01 00:00:00.000000713,2019-03-01T17:01:00.000000000Z,11,111.888,111.912,111.888,111.912
1970-01-01 00:00:00.000000714,2019-03-01T17:02:00.000000000Z,12,111.910,111.920,111.910,111.918
1970-01-01 00:00:00.000000715,2019-03-01T17:03:00.000000000Z,19,111.920,111.923,111.898,111.902
1970-01-01 00:00:00.000000716,2019-03-01T17:04:00.000000000Z,10,111.904,111.912,111.904,111.906
1970-01-01 00:00:00.000000717,2019-03-01T17:05:00.000000000Z,13,111.904,111.913,111.904,111.913
1970-01-01 00:00:00.000000718,2019-03-01T17:06:00.000000000Z,15,111.910,111.935,111.910,111.935
1970-01-01 00:00:00.000000719,2019-03-01T17:07:00.000000000Z,19,111.937,111.938,111.922,111.922
1970-01-01 00:00:00.000000720,2019-03-01T17:08:00.000000000Z,13,111.925,111.932,111.925,111.926
1970-01-01 00:00:00.000000721,2019-03-01T17:09:00.000000000Z,12,111.928,111.936,111.928,111.936
1970-01-01 00:00:00.000000722,2019-03-01T17:10:00.000000000Z,11,111.932,111.940,111.932,111.932
1970-01-01 00:00:00.000000723,2019-03-01T17:11:00.000000000Z,12,111.930,111.932,111.925,111.932
1970-01-01 00:00:00.000000724,2019-03-01T17:12:00.000000000Z,4,111.935,111.938,111.935,111.938
1970-01-01 00:00:00.000000725,2019-03-01T17:13:00.000000000Z,22,111.940,111.955,111.940,111.952
1970-01-01 00:00:00.000000726,2019-03-01T17:14:00.000000000Z,25,111.954,111.977,111.954,111.966
1970-01-01 00:00:00.000000727,2019-03-01T17:15:00.000000000Z,15,111.964,111.964,111.952,111.954
1970-01-01 00:00:00.000000728,2019-03-01T17:16:00.000000000Z,14,111.956,111.970,111.956,111.964
1970-01-01 00:00:00.000000729,2019-03-01T17:17:00.000000000Z,11,111.962,111.970,111.956,111.961
1970-01-01 00:00:00.000000730,2019-03-01T17:18:00.000000000Z,5,111.958,111.958,111.951,111.954
1970-01-01 00:00:00.000000731,2019-03-01T17:19:00.000000000Z,11,111.951,111.953,111.946,111.946
1970-01-01 00:00:00.000000732,2019-03-01T17:20:00.000000000Z,12,111.944,111.944,111.932,111.932
1970-01-01 00:00:00.000000733,2019-03-01T17:21:00.000000000Z,11,111.929,111.942,111.929,111.939
1970-01-01 00:00:00.000000734,2019-03-01T17:22:00.000000000Z,12,111.941,111.950,111.941,111.950
1970-01-01 00:00:00.000000735,2019-03-01T17:23:00.000000000Z,6,111.948,111.954,111.948,111.954
1970-01-01 00:00:00.000000736,2019-03-01T17:24:00.000000000Z,7,111.952,111.956,111.948,111.956
1970-01-01 00:00:00.000000737,2019-03-01T17:25:00.000000000Z,8,111.958,111.958,111.948,111.956
1970-01-01 00:00:00.000000738,2019-03-01T17:26:00.000000000Z,2,111.958,111.962,111.958,111.962
1970-01-01 00:00:00.000000739,2019-03-01T17:27:00.000000000Z,10,111.960,111.960,111.952,111.952
1970-01-01 00:00:00.000000740,2019-03-01T17:28:00.000000000Z,12,111.954,111.960,111.945,111.958
1970-01-01 00:00:00.000000741,2019-03-01T17:29:00.000000000Z,14,111.960,111.960,111.948,111.949
1970-01-01 00:00:00.000000742,2019-03-01T17:30:00.000000000Z,10,111.946,111.946,111.930,111.934
1970-01-01 00:00:00.000000743,2019-03-01T17:31:00.000000000Z,7,111.936,111.942,111.934,111.936
1970-01-01 00:00:00.000000744,2019-03-01T17:32:00.000000000Z,3,111.939,111.943,111.939,111.943
1970-01-01 00:00:00.000000745,2019-03-01T17:33:00.000000000Z,15,111.940,111.952,111.936,111.950
1970-01-01 00:00:00.000000746,2019-03-01T17:34:00.000000000Z,18,111.948,111.956,111.945,111.950
1970-01-01 00:00:00.000000747,2019-03-01T17:35:00.000000000Z,11,111.952,111.956,111.949,111.956
1970-01-01 00:00:00.000000748,2019-03-01T17:36:00.000000000Z,7,111.959,111.962,111.954,111.954
1970-01-01 00:00:00.000000749,2019-03-01T17:37:00.000000000Z,11,111.952,111.954,111.942,111.942
1970-01-01 00:00:00.000000750,2019-03-01T17:38:00.000000000Z,8,111.945,111.947,111.942,111.942
1970-01-01 00:00:00.000000751,2019-03-01T17:40:00.000000000Z,4,111.940,111.940,111.934,111.937
1970-01-01 00:00:00.000000752,2019-03-01T17:41:00.000000000Z,1,111.934,111.934,111.934,111.934
1970-01-01 00:00:00.000000753,2019-03-01T17:42:00.000000000Z,4,111.932,111.934,111.930,111.934
1970-01-01 00:00:00.000000754,2019-03-01T17:43:00.000000000Z,3,111.938,111.942,111.938,111.942
1970-01-01 00:00:00.000000755,2019-03-01T17:44:00.000000000Z,7,111.944,111.948,111.944,111.944
1970-01-01 00:00:00.000000756,2019-03-01T17:45:00.000000000Z,13,111.947,111.952,111.942,111.948
1970-01-01 00:00:00.000000757,2019-03-01T17:46:00.000000000Z,5,111.950,111.950,111.944,111.944
1970-01-01 00:00:00.000000758,2019-03-01T17:47:00.000000000Z,6,111.942,111.950,111.942,111.945
1970-01-01 00:00:00.000000759,2019-03-01T17:48:00.000000000Z,7,111.947,111.950,111.942,111.942
1970-01-01 00:00:00.000000760,2019-03-01T17:49:00.000000000Z,14,111.944,111.952,111.942,111.942
1970-01-01 00:00:00.000000761,2019-03-01T17:50:00.000000000Z,5,111.944,111.950,111.944,111.950
1970-01-01 00:00:00.000000762,2019-03-01T17:51:00.000000000Z,7,111.952,111.954,111.942,111.942
1970-01-01 00:00:00.000000763,2019-03-01T17:52:00.000000000Z,15,111.940,111.956,111.940,111.956
1970-01-01 00:00:00.000000764,2019-03-01T17:53:00.000000000Z,12,111.958,111.960,111.956,111.960
1970-01-01 00:00:00.000000765,2019-03-01T17:54:00.000000000Z,9,111.963,111.972,111.960,111.968
1970-01-01 00:00:00.000000766,2019-03-01T17:55:00.000000000Z,11,111.970,111.970,111.960,111.960
1970-01-01 00:00:00.000000767,2019-03-01T17:56:00.000000000Z,8,111.958,111.965,111.958,111.960
1970-01-01 00:00:00.000000768,2019-03-01T17:57:00.000000000Z,13,111.962,111.970,111.958,111.958
1970-01-01 00:00:00.000000769,2019-03-01T17:58:00.000000000Z,8,111.960,111.968,111.960,111.968
1970-01-01 00:00:00.000000770,2019-03-01T17:59:00.000000000Z,7,111.966,111.971,111.966,111.971
1970-01-01 00:00:00.000000771,2019-03-01T18:00:00.000000000Z,10,111.968,111.974,111.966,111.972
1970-01-01 00:00:00.000000772,2019-03-01T18:01:00.000000000Z,7,111.974,111.978,111.974,111.978
1970-01-01 00:00:00.000000773,2019-03-01T18:02:00.000000000Z,2,111.980,111.983,111.980,111.983
1970-01-01 00:00:00.000000774,2019-03-01T18:03:00.000000000Z,8,111.980,111.988,111.980,111.983
1970-01-01 00:00:00.000000775,2019-03-01T18:04:00.000000000Z,4,111.986,111.986,111.984,111.984
1970-01-01 00:00:00.000000776,2019-03-01T18:05:00.000000000Z,10,111.980,111.980,111.964,111.964
1970-01-01 00:00:00.000000777,2019-03-01T18:06:00.000000000Z,9,111.966,111.976,111.966,111.976
1970-01-01 00:00:00.000000778,2019-03-01T18:07:00.000000000Z,8,111.974,111.982,111.974,111.978
1970-01-01 00:00:00.000000779,2019-03-01T18:08:00.000000000Z,12,111.980,111.992,111.980,111.987
1970-01-01 00:00:00.000000780,2019-03-01T18:09:00.000000000Z,5,111.984,111.990,111.984,111.990
1970-01-01 00:00:00.000000781,2019-03-01T18:10:00.000000000Z,15,111.986,111.988,111.981,111.981
1970-01-01 00:00:00.000000782,2019-03-01T18:11:00.000000000Z,6,111.978,111.978,111.974,111.976
1970-01-01 00:00:00.000000783,2019-03-01T18:12:00.000000000Z,9,111.979,111.980,111.968,111.968
1970-01-01 00:00:00.000000784,2019-03-01T18:13:00.000000000Z,15,111.972,111.978,111.966,111.966
1970-01-01 00:00:00.000000785,2019-03-01T18:14:00.000000000Z,4,111.968,111.971,111.966,111.966
1970-01-01 00:00:00.000000786,2019-03-01T18:15:00.000000000Z,7,111.964,111.964,111.954,111.954
1970-01-01 00:00:00.000000787,2019-03-01T18:16:00.000000000Z,5,111.952,111.956,111.952,111.956
1970-01-01 00:00:00.000000788,2019-03-01T18:17:00.000000000Z,8,111.954,111.959,111.954,111.956
1970-01-01 00:00:00.000000789,2019-03-01T18:18:00.000000000Z,6,111.960,111.965,111.958,111.958
1970-01-01 00:00:00.000000790,2019-03-01T18:19:00.000000000Z,5,111.961,111.966,111.961,111.966
1970-01-01 00:00:00.000000791,2019-03-01T18:20:00.000000000Z,13,111.969,111.974,111.960,111.960
1970-01-01 00:00:00.000000792,2019-03-01T18:21:00.000000000Z,1,111.962,111.962,111.962,111.962
1970-01-01 00:00:00.000000793,2019-03-01T18:23:00.000000000Z,3,111.964,111.970,111.964,111.970
1970-01-01 00:00:00.000000794,2019-03-01T18:24:00.000000000Z,13,111.966,111.966,111.950,111.956
1970-01-01 00:00:00.000000795,2019-03-01T18:25:00.000000000Z,14,111.958,111.961,111.954,111.956
1970-01-01 00:00:00.000000796,2019-03-01T18:26:00.000000000Z,2,111.958,111.960,111.958,111.960
1970-01-01 00:00:00.000000797,2019-03-01T18:27:00.000000000Z,5,111.962,111.972,111.962,111.972
1970-01-01 00:00:00.000000798,2019-03-01T18:28:00.000000000Z,5,111.970,111.977,111.970,111.975
1970-01-01 00:00:00.000000799,2019-03-01T18:29:00.000000000Z,6,111.972,111.977,111.970,111.975
1970-01-01 00:00:00.000000800,2019-03-01T18:30:00.000000000Z,4,111.972,111.972,111.968,111.970
1970-01-01 00:00:00.000000801,2019-03-01T18:31:00.000000000Z,3,111.968,111.970,111.968,111.968
1970-01-01 00:00:00.000000802,2019-03-01T18:32:00.000000000Z,5,111.966,111.966,111.960,111.965
1970-01-01 00:00:00.000000803,2019-03-01T18:33:00.000000000Z,5,111.968,111.978,111.968,111.978
1970-01-01 00:00:00.000000804,2019-03-01T18:34:00.000000000Z,9,111.975,111.977,111.968,111.970
1970-01-01 00:00:00.000000805,2019-03-01T18:35:00.000000000Z,6,111.968,111.970,111.960,111.960
1970-01-01 00:00:00.000000806,2019-03-01T18:36:00.000000000Z,1,111.962,111.962,111.962,111.962
1970-01-01 00:00:00.000000807,2019-03-01T18:37:00.000000000Z,1,111.965,111.965,111.965,111.965
1970-01-01 00:00:00.000000808,2019-03-01T18:38:00.000000000Z,5,111.968,111.977,111.968,111.977
1970-01-01 00:00:00.000000809,2019-03-01T18:39:00.000000000Z,7,111.974,111.982,111.972,111.980
1970-01-01 00:00:00.000000810,2019-03-01T18:40:00.000000000Z,4,111.982,111.984,111.980,111.980
1970-01-01 00:00:00.000000811,2019-03-01T18:41:00.000000000Z,4,111.982,111.982,111.978,111.980
1970-01-01 00:00:00.000000812,2019-03-01T18:42:00.000000000Z,13,111.982,111.985,111.978,111.982
1970-01-01 00:00:00.000000813,2019-03-01T18:43:00.000000000Z,5,111.980,111.985,111.980,111.985
1970-01-01 00:00:00.000000814,2019-03-01T18:44:00.000000000Z,6,111.982,111.985,111.980,111.980
1970-01-01 00:00:00.000000815,2019-03-01T18:45:00.000000000Z,5,111.982,111.984,111.978,111.980
1970-01-01 00:00:00.000000816,2019-03-01T18:46:00.000000000Z,7,111.978,111.978,111.973,111.973
1970-01-01 00:00:00.000000817,2019-03-01T18:48:00.000000000Z,7,111.970,111.970,111.960,111.966
1970-01-01 00:00:00.000000818,2019-03-01T18:49:00.000000000Z,1,111.968,111.968,111.968,111.968
1970-01-01 00:00:00.000000819,2019-03-01T18:51:00.000000000Z,13,111.966,111.966,111.954,111.961
1970-01-01 00:00:00.000000820,2019-03-01T18:52:00.000000000Z,5,111.958,111.958,111.956,111.958
1970-01-01 00:00:00.000000821,2019-03-01T18:53:00.000000000Z,9,111.962,111.967,111.956,111.956
1970-01-01 00:00:00.000000822,2019-03-01T18:54:00.000000000Z,8,111.954,111.954,111.948,111.952
1970-01-01 00:00:00.000000823,2019-03-01T18:55:00.000000000Z,4,111.950,111.952,111.950,111.952
1970-01-01 00:00:00.000000824,2019-03-01T18:56:00.000000000Z,4,111.955,111.963,111.955,111.963
1970-01-01 00:00:00.000000825,2019-03-01T18:57:00.000000000Z,7,111.966,111.968,111.963,111.965
1970-01-01 00:00:00.000000826,2019-03-01T18:58:00.000000000Z,5,111.962,111.962,111.958,111.958
1970-01-01 00:00:00.000000827,2019-03-01T18:59:00.000000000Z,5,111.956,111.961,111.954,111.961
1970-01-01 00:00:00.000000828,2019-03-01T19:00:00.000000000Z,9,111.964,111.966,111.956,111.958
1970-01-01 00:00:00.000000829,2019-03-01T19:01:00.000000000Z,1,111.962,111.962,111.962,111.962
1970-01-01 00:00:00.000000830,2019-03-01T19:02:00.000000000Z,11,111.964,111.974,111.962,111.974
1970-01-01 00:00:00.000000831,2019-03-01T19:03:00.000000000Z,12,111.972,111.974,111.964,111.974
1970-01-01 00:00:00.000000832,2019-03-01T19:04:00.000000000Z,4,111.976,111.976,111.972,111.974
1970-01-01 00:00:00.000000833,2019-03-01T19:05:00.000000000Z,8,111.976,111.976,111.968,111.969
1970-01-01 00:00:00.000000834,2019-03-01T19:07:00.000000000Z,1,111.971,111.971,111.971,111.971
1970-01-01 00:00:00.000000835,2019-03-01T19:08:00.000000000Z,1,111.974,111.974,111.974,111.974
1970-01-01 00:00:00.000000836,2019-03-01T19:09:00.000000000Z,7,111.976,111.982,111.976,111.982
1970-01-01 00:00:00.000000837,2019-03-01T19:10:00.000000000Z,4,111.984,111.984,111.976,111.976
1970-01-01 00:00:00.000000838,2019-03-01T19:11:00.000000000Z,4,111.978,111.983,111.978,111.983
1970-01-01 00:00:00.000000839,2019-03-01T19:12:00.000000000Z,16,111.981,111.988,111.978,111.988
1970-01-01 00:00:00.000000840,2019-03-01T19:13:00.000000000Z,21,111.986,112.004,111.986,111.996
1970-01-01 00:00:00.000000841,2019-03-01T19:14:00.000000000Z,24,111.994,112.035,111.994,112.035
1970-01-01 00:00:00.000000842,2019-03-01T19:15:00.000000000Z,46,112.032,112.078,112.032,112.076
1970-01-01 00:00:00.000000843,2019-03-01T19:16:00.000000000Z,42,112.073,112.076,112.058,112.062
1970-01-01 00:00:00.000000844,2019-03-01T19:17:00.000000000Z,12,112.064,112.066,112.056,112.056
1970-01-01 00:00:00.000000845,2019-03-01T19:18:00.000000000Z,28,112.054,112.066,112.047,112.066
1970-01-01 00:00:00.000000846,2019-03-01T19:19:00.000000000Z,23,112.064,112.068,112.057,112.060
1970-01-01 00:00:00.000000847,2019-03-01T19:20:00.000000000Z,8,112.057,112.057,112.050,112.054
1970-01-01 00:00:00.000000848,2019-03-01T19:21:00.000000000Z,15,112.052,112.054,112.047,112.052
1970-01-01 00:00:00.000000849,2019-03-01T19:22:00.000000000Z,11,112.054,112.054,112.050,112.050
1970-01-01 00:00:00.000000850,2019-03-01T19:23:00.000000000Z,1,112.047,112.047,112.047,112.047
1970-01-01 00:00:00.000000851,2019-03-01T19:24:00.000000000Z,14,112.044,112.044,112.035,112.038
1970-01-01 00:00:00.000000852,2019-03-01T19:25:00.000000000Z,11,112.040,112.042,112.032,112.034
1970-01-01 00:00:00.000000853,2019-03-01T19:26:00.000000000Z,8,112.037,112.037,112.023,112.025
1970-01-01 00:00:00.000000854,2019-03-01T19:27:00.000000000Z,13,112.023,112.024,112.014,112.024
1970-01-01 00:00:00.000000855,2019-03-01T19:28:00.000000000Z,12,112.026,112.028,112.014,112.014
1970-01-01 00:00:00.000000856,2019-03-01T19:29:00.000000000Z,16,112.016,112.022,112.008,112.020
1970-01-01 00:00:00.000000857,2019-03-01T19:30:00.000000000Z,10,112.022,112.022,112.019,112.020
1970-01-01 00:00:00.000000858,2019-03-01T19:31:00.000000000Z,6,112.018,112.022,112.018,112.020
1970-01-01 00:00:00.000000859,2019-03-01T19:32:00.000000000Z,3,112.018,112.020,112.018,112.018
1970-01-01 00:00:00.000000860,2019-03-01T19:33:00.000000000Z,13,112.016,112.020,112.014,112.016
1970-01-01 00:00:00.000000861,2019-03-01T19:34:00.000000000Z,12,112.014,112.016,112.002,112.016
1970-01-01 00:00:00.000000862,2019-03-01T19:35:00.000000000Z,14,112.018,112.024,112.011,112.016
1970-01-01 00:00:00.000000863,2019-03-01T19:36:00.000000000Z,12,112.013,112.016,112.002,112.005
1970-01-01 00:00:00.000000864,2019-03-01T19:37:00.000000000Z,7,112.008,112.010,112.007,112.008
1970-01-01 00:00:00.000000865,2019-03-01T19:38:00.000000000Z,5,112.010,112.010,112.005,112.005
1970-01-01 00:00:00.000000866,2019-03-01T19:39:00.000000000Z,10,112.007,112.007,112.000,112.000
1970-01-01 00:00:00.000000867,2019-03-01T19:40:00.000000000Z,11,112.002,112.002,111.986,111.986
1970-01-01 00:00:00.000000868,2019-03-01T19:41:00.000000000Z,4,111.984,111.986,111.982,111.986
1970-01-01 00:00:00.000000869,2019-03-01T19:42:00.000000000Z,4,111.989,111.989,111.987,111.987
1970-01-01 00:00:00.000000870,2019-03-01T19:43:00.000000000Z,13,111.989,111.994,111.988,111.992
1970-01-01 00:00:00.000000871,2019-03-01T19:44:00.000000000Z,5,111.996,111.996,111.993,111.996
1970-01-01 00:00:00.000000872,2019-03-01T19:45:00.000000000Z,5,111.998,112.004,111.998,112.002
1970-01-01 00:00:00.000000873,2019-03-01T19:46:00.000000000Z,4,112.004,112.010,112.004,112.008
1970-01-01 00:00:00.000000874,2019-03-01T19:47:00.000000000Z,3,112.005,112.005,112.000,112.000
1970-01-01 00:00:00.000000875,2019-03-01T19:48:00.000000000Z,9,111.998,112.003,111.996,112.003
1970-01-01 00:00:00.000000876,2019-03-01T19:49:00.000000000Z,14,112.006,112.018,112.006,112.018
1970-01-01 00:00:00.000000877,2019-03-01T19:50:00.000000000Z,7,112.016,112.018,112.011,112.011
1970-01-01 00:00:00.000000878,2019-03-01T19:51:00.000000000Z,10,112.008,112.010,112.006,112.006
1970-01-01 00:00:00.000000879,2019-03-01T19:52:00.000000000Z,10,112.004,112.006,111.999,112.001
1970-01-01 00:00:00.000000880,2019-03-01T19:53:00.000000000Z,3,111.999,112.001,111.999,111.999
1970-01-01 00:00:00.000000881,2019-03-01T19:54:00.000000000Z,12,112.001,112.004,111.992,112.004
1970-01-01 00:00:00.000000882,2019-03-01T19:55:00.000000000Z,21,112.006,112.010,111.993,111.998
1970-01-01 00:00:00.000000883,2019-03-01T19:56:00.000000000Z,16,112.000,112.000,111.988,111.998
1970-01-01 00:00:00.000000884,2019-03-01T19:57:00.000000000Z,26,111.996,111.998,111.986,111.998
1970-01-01 00:00:00.000000885,2019-03-01T19:58:00.000000000Z,8,112.000,112.004,111.998,112.002
1970-01-01 00:00:00.000000886,2019-03-01T19:59:00.000000000Z,13,112.004,112.008,112.002,112.004
1970-01-01 00:00:00.000000887,2019-03-01T20:00:00.000000000Z,12,112.007,112.014,112.004,112.004
1970-01-01 00:00:00.000000888,2019-03-01T20:01:00.000000000Z,10,112.002,112.004,111.998,112.004
1970-01-01 00:00:00.000000889,2019-03-01T20:02:00.000000000Z,12,112.006,112.012,111.998,112.008
1970-01-01 00:00:00.000000890,2019-03-01T20:03:00.000000000Z,12,112.011,112.011,112.001,112.004
1970-01-01 00:00:00.000000891,2019-03-01T20:04:00.000000000Z,14,112.002,112.004,111.998,111.999
1970-01-01 00:00:00.000000892,2019-03-01T20:05:00.000000000Z,1,112.001,112.001,112.001,112.001
1970-01-01 00:00:00.000000893,2019-03-01T20:07:00.000000000Z,7,111.999,112.004,111.999,111.999
1970-01-01 00:00:00.000000894,2019-03-01T20:08:00.000000000Z,2,112.001,112.001,111.998,111.998
1970-01-01 00:00:00.000000895,2019-03-01T20:09:00.000000000Z,5,112.001,112.004,111.999,112.002
1970-01-01 00:00:00.000000896,2019-03-01T20:10:00.000000000Z,4,111.999,112.001,111.999,112.001
1970-01-01 00:00:00.000000897,2019-03-01T20:11:00.000000000Z,16,112.004,112.016,112.004,112.010
1970-01-01 00:00:00.000000898,2019-03-01T20:12:00.000000000Z,17,112.008,112.013,112.002,112.004
1970-01-01 00:00:00.000000899,2019-03-01T20:13:00.000000000Z,11,112.002,112.006,112.002,112.006
1970-01-01 00:00:00.000000900,2019-03-01T20:14:00.000000000Z,9,112.010,112.012,112.004,112.004
1970-01-01 00:00:00.000000901,2019-03-01T20:15:00.000000000Z,12,112.007,112.010,112.007,112.010
1970-01-01 00:00:00.000000902,2019-03-01T20:16:00.000000000Z,5,112.008,112.008,112.002,112.002
1970-01-01 00:00:00.000000903,2019-03-01T20:17:00.000000000Z,6,112.005,112.010,112.002,112.002
1970-01-01 00:00:00.000000904,2019-03-01T20:18:00.000000000Z,2,112.004,112.004,112.002,112.002
1970-01-01 00:00:00.000000905,2019-03-01T20:19:00.000000000Z,4,112.000,112.002,111.997,112.002
1970-01-01 00:00:00.000000906,2019-03-01T20:20:00.000000000Z,5,112.004,112.004,112.000,112.000
1970-01-01 00:00:00.000000907,2019-03-01T20:21:00.000000000Z,6,111.998,111.998,111.990,111.995
1970-01-01 00:00:00.000000908,2019-03-01T20:22:00.000000000Z,12,111.993,111.995,111.986,111.986
1970-01-01 00:00:00.000000909,2019-03-01T20:23:00.000000000Z,8,111.984,111.996,111.984,111.996
1970-01-01 00:00:00.000000910,2019-03-01T20:24:00.000000000Z,1,111.999,111.999,111.999,111.999
1970-01-01 00:00:00.000000911,2019-03-01T20:25:00.000000000Z,4,112.002,112.002,111.999,111.999
1970-01-01 00:00:00.000000912,2019-03-01T20:26:00.000000000Z,9,111.996,111.996,111.990,111.992
1970-01-01 00:00:00.000000913,2019-03-01T20:27:00.000000000Z,9,111.989,111.989,111.980,111.980
1970-01-01 00:00:00.000000914,2019-03-01T20:28:00.000000000Z,6,111.982,111.988,111.982,111.984
1970-01-01 00:00:00.000000915,2019-03-01T20:29:00.000000000Z,8,111.987,111.998,111.987,111.995
1970-01-01 00:00:00.000000916,2019-03-01T20:30:00.000000000Z,6,111.998,111.998,111.990,111.990
1970-01-01 00:00:00.000000917,2019-03-01T20:31:00.000000000Z,4,111.988,111.990,111.988,111.990
1970-01-01 00:00:00.000000918,2019-03-01T20:32:00.000000000Z,3,111.988,111.988,111.984,111.984
1970-01-01 00:00:00.000000919,2019-03-01T20:33:00.000000000Z,7,111.986,111.986,111.980,111.980
1970-01-01 00:00:00.000000920,2019-03-01T20:34:00.000000000Z,23,111.978,111.984,111.960,111.960
1970-01-01 00:00:00.000000921,2019-03-01T20:35:00.000000000Z,3,111.962,111.966,111.962,111.966
1970-01-01 00:00:00.000000922,2019-03-01T20:36:00.000000000Z,4,111.964,111.964,111.958,111.960
1970-01-01 00:00:00.000000923,2019-03-01T20:37:00.000000000Z,6,111.962,111.966,111.960,111.965
1970-01-01 00:00:00.000000924,2019-03-01T20:38:00.000000000Z,8,111.968,111.972,111.968,111.970
1970-01-01 00:00:00.000000925,2019-03-01T20:39:00.000000000Z,9,111.972,111.972,111.958,111.958
1970-01-01 00:00:00.000000926,2019-03-01T20:40:00.000000000Z,3,111.960,111.965,111.960,111.965
1970-01-01 00:00:00.000000927,2019-03-01T20:41:00.000000000Z,15,111.963,111.972,111.960,111.972
1970-01-01 00:00:00.000000928,2019-03-01T20:42:00.000000000Z,24,111.974,111.978,111.968,111.972
1970-01-01 00:00:00.000000929,2019-03-01T20:43:00.000000000Z,10,111.970,111.972,111.967,111.967
1970-01-01 00:00:00.000000930,2019-03-01T20:44:00.000000000Z,14,111.970,111.987,111.970,111.987
1970-01-01 00:00:00.000000931,2019-03-01T20:45:00.000000000Z,18,111.984,111.986,111.978,111.978
1970-01-01 00:00:00.000000932,2019-03-01T20:46:00.000000000Z,12,111.975,111.982,111.975,111.978
1970-01-01 00:00:00.000000933,2019-03-01T20:47:00.000000000Z,17,111.976,111.980,111.972,111.980
1970-01-01 00:00:00.000000934,2019-03-01T20:48:00.000000000Z,13,111.978,111.980,111.974,111.978
1970-01-01 00:00:00.000000935,2019-03-01T20:49:00.000000000Z,9,111.974,111.977,111.970,111.970
1970-01-01 00:00:00.000000936,2019-03-01T20:50:00.000000000Z,14,111.967,111.982,111.964,111.980
1970-01-01 00:00:00.000000937,2019-03-01T20:51:00.000000000Z,12,111.982,111.982,111.974,111.975
1970-01-01 00:00:00.000000938,2019-03-01T20:52:00.000000000Z,7,111.978,111.978,111.975,111.977
1970-01-01 00:00:00.000000939,2019-03-01T20:53:00.000000000Z,16,111.980,111.986,111.977,111.984
1970-01-01 00:00:00.000000940,2019-03-01T20:54:00.000000000Z,19,111.981,111.986,111.978,111.986
1970-01-01 00:00:00.000000941,2019-03-01T20:55:00.000000000Z,13,111.984,111.995,111.984,111.993
1970-01-01 00:00:00.000000942,2019-03-01T20:56:00.000000000Z,13,111.995,111.998,111.988,111.990
1970-01-01 00:00:00.000000943,2019-03-01T20:57:00.000000000Z,18,111.988,111.988,111.974,111.986
1970-01-01 00:00:00.000000944,2019-03-01T20:58:00.000000000Z,18,111.984,111.990,111.978,111.990
1970-01-01 00:00:00.000000945,2019-03-01T20:59:00.000000000Z,17,111.988,111.988,111.972,111.977
1970-01-01 00:00:00.000000946,2019-03-01T21:00:00.000000000Z,23,111.980,111.985,111.974,111.974
1970-01-01 00:00:00.000000947,2019-03-01T21:01:00.000000000Z,15,111.972,111.977,111.968,111.972
1970-01-01 00:00:00.000000948,2019-03-01T21:02:00.000000000Z,13,111.970,111.970,111.962,111.965
1970-01-01 00:00:00.000000949,2019-03-01T21:03:00.000000000Z,10,111.968,111.974,111.960,111.960
1970-01-01 00:00:00.000000950,2019-03-01T21:04:00.000000000Z,7,111.963,111.972,111.963,111.972
1970-01-01 00:00:00.000000951,2019-03-01T21:05:00.000000000Z,8,111.970,111.970,111.960,111.962
1970-01-01 00:00:00.000000952,2019-03-01T21:06:00.000000000Z,8,111.960,111.960,111.951,111.953
1970-01-01 00:00:00.000000953,2019-03-01T21:07:00.000000000Z,18,111.956,111.972,111.956,111.958
1970-01-01 00:00:00.000000954,2019-03-01T21:08:00.000000000Z,2,111.956,111.958,111.956,111.958
1970-01-01 00:00:00.000000955,2019-03-01T21:09:00.000000000Z,8,111.956,111.962,111.954,111.962
1970-01-01 00:00:00.000000956,2019-03-01T21:10:00.000000000Z,4,111.960,111.962,111.958,111.958
1970-01-01 00:00:00.000000957,2019-03-01T21:11:00.000000000Z,5,111.956,111.956,111.946,111.946
1970-01-01 00:00:00.000000958,2019-03-01T21:12:00.000000000Z,5,111.948,111.953,111.948,111.948
1970-01-01 00:00:00.000000959,2019-03-01T21:13:00.000000000Z,6,111.946,111.953,111.946,111.953
1970-01-01 00:00:00.000000960,2019-03-01T21:14:00.000000000Z,4,111.956,111.958,111.954,111.954
1970-01-01 00:00:00.000000961,2019-03-01T21:15:00.000000000Z,1,111.956,111.956,111.956,111.956
1970-01-01 00:00:00.000000962,2019-03-01T21:16:00.000000000Z,5,111.958,111.962,111.956,111.962
1970-01-01 00:00:00.000000963,2019-03-01T21:17:00.000000000Z,5,111.960,111.960,111.956,111.956
1970-01-01 00:00:00.000000964,2019-03-01T21:19:00.000000000Z,15,111.958,111.964,111.950,111.955
1970-01-01 00:00:00.000000965,2019-03-01T21:20:00.000000000Z,22,111.952,111.952,111.930,111.936
1970-01-01 00:00:00.000000966,2019-03-01T21:21:00.000000000Z,7,111.938,111.943,111.936,111.939
1970-01-01 00:00:00.000000967,2019-03-01T21:22:00.000000000Z,10,111.936,111.942,111.930,111.935
1970-01-01 00:00:00.000000968,2019-03-01T21:24:00.000000000Z,13,111.932,111.933,111.920,111.923
1970-01-01 00:00:00.000000969,2019-03-01T21:25:00.000000000Z,6,111.920,111.920,111.914,111.918
1970-01-01 00:00:00.000000970,2019-03-01T21:27:00.000000000Z,6,111.920,111.923,111.918,111.918
1970-01-01 00:00:00.000000971,2019-03-01T21:28:00.000000000Z,8,111.920,111.928,111.920,111.922
1970-01-01 00:00:00.000000972,2019-03-01T21:29:00.000000000Z,9,111.920,111.925,111.918,111.920
1970-01-01 00:00:00.000000973,2019-03-01T21:30:00.000000000Z,3,111.923,111.928,111.923,111.928
1970-01-01 00:00:00.000000974,2019-03-01T21:31:00.000000000Z,3,111.930,111.933,111.930,111.930
1970-01-01 00:00:00.000000975,2019-03-01T21:32:00.000000000Z,6,111.928,111.932,111.926,111.926
1970-01-01 00:00:00.000000976,2019-03-01T21:33:00.000000000Z,8,111.928,111.946,111.928,111.946
1970-01-01 00:00:00.000000977,2019-03-01T21:34:00.000000000Z,6,111.948,111.950,111.941,111.941
1970-01-01 00:00:00.000000978,2019-03-01T21:35:00.000000000Z,2,111.938,111.938,111.936,111.936
1970-01-01 00:00:00.000000979,2019-03-01T21:36:00.000000000Z,2,111.934,111.934,111.932,111.932
1970-01-01 00:00:00.000000980,2019-03-01T21:37:00.000000000Z,5,111.934,111.944,111.934,111.944
1970-01-01 00:00:00.000000981,2019-03-01T21:38:00.000000000Z,3,111.940,111.946,111.940,111.946
1970-01-01 00:00:00.000000982,2019-03-01T21:40:00.000000000Z,8,111.942,111.942,111.936,111.940
1970-01-01 00:00:00.000000983,2019-03-01T21:42:00.000000000Z,7,111.942,111.942,111.940,111.942
1970-01-01 00:00:00.000000984,2019-03-01T21:43:00.000000000Z,5,111.945,111.950,111.945,111.950
1970-01-01 00:00:00.000000985,2019-03-01T21:44:00.000000000Z,3,111.948,111.948,111.945,111.948
1970-01-01 00:00:00.000000986,2019-03-01T21:45:00.000000000Z,3,111.950,111.950,111.948,111.950
1970-01-01 00:00:00.000000987,2019-03-01T21:46:00.000000000Z,2,111.948,111.948,111.945,111.945
1970-01-01 00:00:00.000000988,2019-03-01T21:47:00.000000000Z,2,111.947,111.950,111.947,111.950
1970-01-01 00:00:00.000000989,2019-03-01T21:49:00.000000000Z,2,111.948,111.950,111.948,111.950
1970-01-01 00:00:00.000000990,2019-03-01T21:50:00.000000000Z,13,111.948,111.948,111.936,111.938
1970-01-01 00:00:00.000000991,2019-03-01T21:51:00.000000000Z,7,111.936,111.938,111.930,111.936
1970-01-01 00:00:00.000000992,2019-03-01T21:52:00.000000000Z,15,111.934,111.942,111.926,111.933
1970-01-01 00:00:00.000000993,2019-03-01T21:53:00.000000000Z,6,111.935,111.942,111.935,111.942
1970-01-01 00:00:00.000000994,2019-03-01T21:54:00.000000000Z,15,111.940,111.941,111.930,111.938
1970-01-01 00:00:00.000000995,2019-03-01T21:55:00.000000000Z,12,111.936,111.936,111.923,111.928
1970-01-01 00:00:00.000000996,2019-03-01T21:56:00.000000000Z,6,111.926,111.933,111.923,111.933
1970-01-01 00:00:00.000000997,2019-03-01T21:57:00.000000000Z,1,111.930,111.930,111.930,111.930
1970-01-01 00:00:00.000000998,2019-03-01T21:58:00.000000000Z,1,111.933,111.933,111.933,111.933
1970-01-01 00:00:00.000000999,2019-03-01T21:59:00.000000000Z,7,111.928,111.928,111.903,111.903
